	one	eins
	two	zwei
	three	drei
	four	vier
	five	fünf
	six	sechs
	seven	sieben
	eight	acht
	nine	neun
	ten	zehn
	mouth	Mund
	day	Tag
	month	Monat
	rice field	Feld
	eye	Auge
	ancient	altertümlich
	recklessly	leichtsinnig
	I (literary)	ich (literarisch)
	companion	Gefährte
	bright	hell
	goods	Ware
	sparkling	funkelnd
	prosperous	gedeihlich
	sing	singen
	early	früh
	rising sun	aufgehende Sonne
	generation	Generation
	stomach	Magen
	daybreak	Tagesanbruch
	concave	konkav
	convex	konvex
	oneself	selber
	white	weiß
	hundred	hundert
	soap	Seife
	middle (n./adj.)	Mitte
	thousand	tausend
	tongue	Zunge
	liter	Liter
	rise up	aufsteigen
	pill	Pille
	divination	Weissagung
	tell fortunes	wahrsagen
	above	oben
	below	unten
	card	Steckkarte
	eminent	hervorragend
	dynasty	Dynastie
	ridicule (v.)	verhöhnen
	only	nur
	shellfish	Schalentier
	paste (v.)	aufkleben
	chaste	keusch
	employee	Mitglied
	see	sehen
	beginning	Ursprung
	page	Buchseite
	stubborn	starrköpfig
	ordinary	gewöhnlich
	muscle	Muskel
	defeated	belastet
	uniform (adj.)	gleich
	sentence (n.)	Satz
	decameron	Zeitraum von zehn Tagen
	ladle	Schöpflöffel
	bull‘s eye	"das ""Schwarze"""
	heads	Haupt
	straight	gerade
	set up	installieren
	tool	Werkzeug
	true	wahr
	work (n.)	Arbeit
	left (n./adj.)	links
	right (n./adj.)	rechts
	possess	besitzen
	bribe (n.)	bestechen
	tribute	Tribut
	item	Punkt 1, 2, 3 (etc.)
	sword	Messer
	blade	Klinge
	cut (v.)	schneiden
	summon	herbeirufen
	evident	evident
	rule (n.)	Regel
	vice-	Vize-
	fourth	viertens
	sting (v.)	stechen
	can (aux. v.)	können
	older brother	großer Bruder
	crest (n.)	Scheitelpunkt
	second (adj.)	zweitens
	child	Kind
	cavity	Aushöhlung
	roar (v.)	brüllen
	-ed	(Perfek)-t
	woman	Frau
	good	gut
	be like	so wie
	mother	Mutter
	pierce	durchbohren
	elder brother	älterer Bruder
	overcome (v.)	überwinden
	small	klein
	few	wenig
	noisy	lärmend
	large	groß
	tip (n.)	Spitze
	evening	Tagesende
	many	viel
	enough	genug
	outside	draußen
	name (n.)	Name
	thick	dick
	stone	Stein
	gravel	Kies
	wonderful	wundervoll
	resemble	ähneln
	peel (v.)	schälen
	ray	Licht
	overly	allzu
	economize	sparen
	strange	seltsam
	stream (n.)	Fluss
	state (n.)	Bundesstaat
	obey	befolgen
	water (n.)	Wasser
	eternity	Ewigkeit
	request (v.)	nach etw. verlangen
	spring (n.)	Springquelle
	flatlands	Flachland
	wish (n.)	Wunsch
	wash away	spülen
	swim (v.)	schwimmen
	continent	Kontinent
	marsh	Morast
	sand (n.)	Sand
	Yangtze	Yangtse
	juice (n.)	Saft
	tide	Gezeiten
	source	Quelle
	lively	lebendig
	extinguish	tilgen
	situation	Situation
	river	Strom
	lake	See
	fathom (v.)	vermessen
	soil (n.)	Erde
	equal	regelmäßig
	belly	Bauch
	fill in	ausfüllen
	spit (v.)	spucken
	waaah!	Uäääh!
	Chinese inch	chinesisches Zoll
	seal (v.)	versiegeln
	Buddhist temple	buddhistischer Tempel
	time (n.)	Zeit
	fire (n.)	Feuer
	ashes	Asche
	vexed (adj.)	verdrossen
	inflammation	Entzündung
	thin (adj.)	wässrig
	disaster	Katastrophe
	illuminate	leuchten
	fish (n.)	Fisch
	fishing (n.)	Fischfang
	Yao	Kaiser Yao
	fever	Fieber
	dawn (n.)	Morgendämmerung
	li	Li
	quantity	Menge
	bury	vergraben
	black	schwarz
	spot (n.)	Punkt
	black ink	schwarze Tusche
	risk (v.)	riskieren
	same	identisch
	cave	Grotte
	orientation	Ausrichtung
	esteem (v.)	wertschätzen
	character	Schriftzeichen
	guard (v.)	bewachen
	finish (v.)	vollenden
	reality	Wirklichkeit
	proclaim	verkünden
	nighttime	in den Puppen
	peaceful	friedlich
	banquet	Festmahl
	mail (v.)	verschicken
	wealthy	reich
	store up	aufbewahren
	tree	Holz
	woods	Forst
	forest	Wald
	plant (v.)	pflanzen
	apricot	Aprikose
	dim-witted	dumm
	withered	verdorrt
	village	Dorf
	one another	einander
	notebook	Schreibheft
	case	Rechtsfall
	not yet	noch nicht
	last (n./adj.)	letzter
	foam	Schaum
	flavor (n.)	Geschmack
	younger sister	jüngere Schwester
	investigate	überprüfen
	sediment	Bodensatz
	dye (v.)	färben
	plum	Pflaume
	table	Tisch
	as if	als ob
	grass	Gras
	suffering (n.)	bitter
	wide	breit
	leaf	Blatt
	nobody	niemand
	imitate	nachahmen
	desert (n.)	Wüste
	grave	Grab
	seedling	Setzling
	aim (v.)	zielen
	portent	Vorzeichen
	peach	Pfirsich
	pooch	Hündchen
	remarkable	besonders
	silent	still
	sort of thing	-artig
	cry (v.)	weinen
	utensil	Gerät
	stinking (adj.)	stinkend
	dog	Hund
	detest	verabscheuen
	pressure (n.)	Druck
	cow	Kuh
	special (adj.)	speziell
	declare	mitteilen
	vast	gewaltig
	before	eher	zuerst	voraus	voraus
	wash (v.)	waschen
	introduce	einführen
	world	Welt
	tea	Tee
	meeting	Meeting	Zusammenkunft
	fit (v.)	passen
	ha!	ha, ha	Ha!
	pagoda	Pagode
	king	König
	jade	Jade
	ball	Ball
	present (adj.)	gegenwärtig
	play (v.)	spielen
	crazy	verrückt
	emperor	Kaiser
	resplendent	leuchtend	glänzend	brillant
	submit	einreichen
	whole	ganz
	logic	Logik
	lord	Herr
	pour	gießen
	gold	Gold
	copper	Kupfer
	go fishin‘	angeln
	needle (n.)	Nadel
	nail (n.)	Nagel
	inscription	Inschrift
	at ease	gelassen	gefasst
	way	Weg
	guide (v.)	leiten	führen
	speedy	rasch	rapid
	create	kreieren	erschaffen
	patrol (v.)	patrouillieren
	stroll (v.)	einen Bummel machen	bummeln
	car	Wagen
	one after another	aufeinanderfolgend	eins nach dem anderen	hintereinander weg
	lotus	Lotus
	in front	vor
	shears	Schere
	transport (v.)	transportieren	befördern
	exceed	überschreiten	hinausgehen über
	each	jeder
	pattern	Muster
	guest	Gast
	forehead	Stirn
	summer	Sommer
	L.A.	Lausanne
	fall (v.)	fallen
	superfluous	überflüssig
	profound	tiefgründig
	army	Armee
	radiance	Glanz	heller Schein	ein Strahlen
	carry	sich bewegen	befördern	transportieren
	crown (n.)	Krone
	dream (n.)	Traum
	pit (n.)	Grube
	tall	hoch
	enjoy	genießen
	ripe	reif
	pavilion	Pavillon
	shiny	leuchtend	leuchten	scheinen	glänzend
	capital	Hauptstadt
	cool	kühl
	scenery	Landschaft
	at once	plötzlich	augenblicklich	sofort
	circumference	Umfang
	week	Woche
	soldier	Soldat
	lucky	glücksbringend
	buy (v.)	kaufen
	sell	verkaufen
	book (n.)	Buch
	drawing (n.)	Zeichnung
	scratch (v.)	ritzen	kratzen
	attack (v.)	angreifen
	fail	unterliegen	verlieren	scheitern
	deliberately	mit Absicht	absichtlich	vorsätzlich
	rescue (v.)	retten
	revere	achten	respektieren	ehren	verehren
	spacious	geräumig
	say	sagen
	police (n.)	Polizei
	plan (n.)	Plan
	prison	Gefängnis
	condemn	verurteilen	tadeln	anprangern
	instruction	Belehrung	Unterweisung
	talk (n.)	Rede	Gerede
	poem	Gedicht
	language	Sprache
	read (v.)	lesen
	tune (n.)	Melodie
	discuss	diskutieren
	this	dieses
	style (n.)	Stil
	test (n./v.)	probieren
	halberd	Hellebarde
	or	oder
	burglar	Dieb	Räuber	Einbrecher
	laden	beladen sein mit	beladen
	iron (n.)	Eisen
	lush	üppig
	turn into	werden zu
	city	Stadt
	sincere	aufrichtig
	might (n.)	Macht
	destroy	löschen	ausmachen	vernichten
	everybody	alle
	reduce	verringern
	list (n.)	Liste
	war (n.)	Krieg
	coin (n.)	Münze
	shallow	seicht
	cheap	billig
	stop (v.)	stoppen
	footstep	Schritt
	ford (v.)	durchwaten
	repeatedly	wiederholt	Frequenz	häufig
	agree	zustimmen
	look forward to	auf Zehenspitzen stehen	herbeisehnen	sich erhoffen
	years of age	Lebensjahr
	military (adj.)	militärisch	kriegerisch
	levy (n.)	Besteuerung	besteuern
	correct (v./adj.)	korrekt	richtig
	politics	Politik
	settle on	bestimmen	festsetzen	beschließen
	walk (v.)	laufen
	transcend	übersteigen	super-
	surpass	überschreiten	übersteigen	je mehr … desto …
	be	sein
	topic	Thema
	build	erbauen	errichten	bauen
	prolong	verlängern
	nativity	Geburt
	clear (adj.)	klar
	foundation	Fundament
	clothing	Kleidung	Gewand
	inside	innen	das Innere
	grief	Trauer	Kummer
	Yuan	Yuan
	distant	fern	weit
	bad	schlecht
KARTE	elementary	elementar
	towel	Tuch
	cloth	Stoff
	hat	Hut
	curtain	Vorhang
	cotton	Baumwolle
	help (v.)	helfen
	market (n.)	Markt
	lungs	Lunge
	sash	Gurt	Gürtel
	stagnant	stocken	stagnieren	stauen
	thorn	Dorn
	system	System
	manufacture (v.)	herstellen
	utter (v.)	sagen	äußern
	rain (n.)	Regen
	cloud (n.)	Wolke
	thunder (n.)	Donner
	electricity	Elektrizität
	frost (n.)	Raureif	Frost
	ice (n.)	Eis
	winter	Winter
	heavens	Himmel
	die young	früh sterben	jung sterben
	pretend	sich verkleiden	vortäuschen
	bridge (n.)	Brücke
	attractive	zart	reizend	bezaubernd
	standing up (adj.)	stehen	stehend
	weep	wimmern	schluchzen
	station (n.)	Haltestelle
	chapter	Kapitel
	compete	konkurrieren
	sovereign (n.)	Kaiser	Imperator
	juvenile (n.)	Knabe
	bell	Glocke
	salesman	Kaufmann	Geschäftsmann
	suitable	geeignet
	enemy	Feind
	ancient spoon	altertümlicher Löffel
	north	Norden
	back (n.)	Rücken
	compare	vergleichen
	descendants	Abkömmling
	mix (v.)	mischen
	all	alle
	this (literary)	dies (literarisch)
	somewhat	einiges	einige
	it	es
	purpose	Zweck
	grease (n.)	Fett
	every	jeder	jedes	jedes Mal
	small plum	Japanische Pflaume	Asiatische Pflaume
	sea	Meer
	beg	betteln
	eat	essen
	dry (adj.)	trocken
	duplicate (v.)	duplizieren	verdoppeln
	abdomen	Unterleib
	lack (v.)	mangeln
	blow (v.)	blasen
	song	Lied
	soft	weich
	next	nächst	nächster
	assets	Kapital
	looks (n.)	Aussehen	Antlitz
	consult with	konsultieren	zu Rate ziehen
	compensate	kompensieren	entschädigen
	cultivate	um etw. Erde anhäufen	heranbilden	kultivieren
	sound (n.)	Ton	Laut	Klang
	dark (adj.)	dunkel
	rhyme (n.)	Reim
	knowledge	Kenntnis
	streamer	Fahne
	unexpectedly	unerwartet
	mirror	Spiegel
	boundary	Rand	Grenze	Begrenzung	Umgrenzung
	deceased (adj.)	verstorben
	blind (adj.)	blind
	absurd (adj.)	absurd
	expect	erwarten
	direction	Richtung
	hinder	hindern
	release (v.)	freilassen
	excite	erregen	anreizen	anregen
	(all-purpose preposition)	(Allzweckpräposition)
	side (n.)	Seite
	convert (v.)	wechseln	umtauschen
	undress	ausziehen
	speak	sprechen
	formerly	schon einmal	früher einmal	einst
	increase (v.)	vermehren	zunehmen
	make a present of	schenken	überreichen	Geschenke machen
	east	Osten
	building	Gebäude
	freeze (v.)	gefrieren
	also	auch
	she	sie
	ground (n.)	Boden	Erdboden
	pond	Teich
	insects	Insekt
	serpent	Schlange
	egg	Ei
	wind (n.)	Wind
	mock (v.)	verspotten	verhöhnen
	self	selbst
	alter	ändern
	remember	sich merken
	already	schon
	wrap (v.)	einwickeln
	bubbles	Blase
	begin	anfangen	beginnen
	house (n.)	Haus
	site	Platz
	soup	Suppe
	sheep	Schaf
	beautiful	schön
	ocean	Ozean
	fresh	frisch
	reach (v.)	erreichen	gelangen nach
	appearance	Aussehen	Erscheinungsbild
	fall short of	hinter etwas zurückbleiben	Abweichung
	gather	sammeln
	advance (v.)	vorwärtsgehen	vorrücken
	standard (n.)	Standard
	who?	wer?
	vend	veräußern
	although	obwohl
	reliable	wirklich	tatsächlich
	noon	Mittag
	permit (v.)	erlauben
	feathers	Feder
	learn	lernen
	soar	in der Luft kreisen
	trapped	Schwierigkeit	in der Klemme
	solid	fest
	country	Land
	round	rund
	cause (n.)	Ursache
	park (n.)	Park
	return (v.)	zurückkehren	wiederkehren
	revolve	sich winden	sich im Kreise bewegen	kreisen
	picture (n.)	Bild
	store (n.)	Laden
	warehouse	Lagerhaus
	trousers	Hose
	factory	Fabrik
	bed	Bett
	hemp	Hanf
	heart	Herz
	forget	vergessen
	endure	erdulden	ertragen	aushalten
	recognize	wiedererkennen
	aspiration	Wille	Ambition	Bestreben
	annals	Chronik
	consider	überlegen
	idea	Idee
	think	denken
	breath	Atem
	fear (v.)	fürchten	sich ängstigen
	feel (v.)	fühlen
	regret (n.)	Bedauern
	worried	besorgt
	dread (v.)	fürchten
	busy (adj.)	beschäftigt
	accustomed to	gewöhnt	gewohnt
	cherish	hegen
	certainly	unbedingt	bestimmt	gewiss
	hand	Hand
	look at	beschauen	schauen	sich etw. ansehen	blicken
	hold (v.)	halten
	I	ich
	righteousness	Gerechtigkeit	Rechtschaffenheit
	deliberate (v.)	beratschlagen	Meinungen austauschen	besprechen
	ant	Ameise
	embrace	in die Arme nehmen	in den Armen halten	umarmen
	combat	Widerstand leisten	bekämpfen	verweigern	trotzen
	criticize	kritisieren
	beckon	winken	herbeiwinken
	strike (v.)	schlagen
	finger (n.)	Finger
	support (v.)	aufrechterhalten	bewahren
	include	einschließen	einschließlich
	bring up	erwähnen
	brandish	schwingen	schwenken
	push	schieben
	welcome (v.)	empfangen
	hang	aufhängen
	press down on	drücken	unterdrücken	herabdrücken
	drop (v.)	herunterfallen	herabfallen	abfallen
	pull	ziehen
	!!	!!!
	look for	suchen	ausfindig machen
	grind away (v.)	mahlen
	play with	herumspielen mit
	nose	Nase
	punishment	Strafe
	mold (v.)	Gussform
	genius	Genie
	riches	Vermögen	Reichtum
	deposit (v.)	hinterlegen	deponieren	speichern	lagern
	at	sich befinden	bei
	only then	erst dann
	milk (n.)	Milch
	catch up with	gleichkommen	erreichen
	inhale	einatmen	inhalieren
	history	Geschichte	Historie
	even more	noch mehr
	hard	hart
	again	wieder
	friend	Freund
	pair	Paar
	one of a pair	einer von zweien
	protect	beschützen
	seize	fangen	erbeuten	erlangen
	observe	beobachten
	joyous	froh
	throw (v.)	werfen
	not have	nicht haben
	establish (v.)	gründen	errichten
	thigh	Oberschenkel
	offshoot	Abzweigung
	skill	Technik
	branch	Ast
	uncle	Onkel
	superintend	überwachen	beaufsichtigen	kontrollieren
	lonely	still	ruhig	einsam
	against	anti-
	plank	Brett
	go back	zurückkommen
	faction	Fraktion	Clique
	blood vessels	Ader	Blutgefäß
	claw (n.)	Kralle
	grab	packen	ergreifen
	pluck (v.)	auflesen
	pick (v.)	pflücken
	vegetable	Gemüse
	accept	annehmen	hinnehmen
	confer	überreichen	verleihen
	love (n./v.)	Liebe
	grand	männlich	imposant
	platform	Plattform
	govern	regieren
	commence	beginnen
	go	gehen
	method	Methode
	until	bis
	room	Raum
	arrive	ankommen
	mutual	gegenseitig
	sufficient	ausreichend	hinreichend
	education	Erziehung	Aufzucht
	flow (v.)	fließen
	comb (n.)	Kamm
	mountain	Berg
	exit (v.)	hinausgehen	hinaus-
	beat (v.)	zuschlagen	schlagen
	secret (adj.)	geheim
	enter	hineingehen	hinein-
	internal	innen
	holler (v.)	laut rufen	schreien	johlen
	part (n./v.)	Teil
	impoverished	arm
	public (adj.)	öffentlich
	pine tree	Kiefernbaum
	valley	Tal
	bathe	baden
	desire (v.)	wollen	begehren
	lust (n.)	Begierde	Lust	Verlangen	Trieb
	contain	enthalten
	dissolve	sich auflösen
	work as	tätig sein als
	files (n.)	Akte
	political party	Partei
	often	oft
	main room	Saal
	covering (n.)	Haut	Umhüllung
	waves	Welle
	old woman	alte Frau
	break (v.)	zerschlagen	beschädigen	kaputt machen
	quilt (n.)	Bettdecke	Steppdecke
	malicious	bösartig	böse
	line up	einordnen	eine Aufstellung machen	aufreihen
	intense	heftig	intensiv
	death	Tod
	inter (v.)	bestatten	beerdigen	begraben
	ear	Ohr
	take	holen	nehmen
	interest	Interesse
	most (adv.)	am meisten
	job	Beruf
	holy	heilig
	brave (adj.)	wagen	wagemutig	mutig
	strict	streng	strikt
	drawn out	langgezogen	ausgedehnt
	slow (adj.)	langsam
	overflow (v.)	überlaufen	überfließen
	ring (n.)	Ring
	give back	zurückgeben
	husband	Ehemann
	regulations	Gepflogenheit	Vorschrift
	replace	ersetzen	an die Stelle treten von
	lose	verlieren
	feudal official	Beamter	Feudalbeamter
	be about to	kurz vor	kurz davor sein
	worthy	tugendhaft	pflichtgetreu	würdig
	firm (adj.)	standhaft
	power	Kraft
	another	anderer
	don‘t	nicht tun!	nicht …!
	turn (v.)	abbiegen
	male (n.)	Mann
	achievement	Errungenschaft	Leistung	Verdienst
	slave (n.)	Sklave
	toil (v.)	sich anstrengen
	add	addieren	hinzufügen
	congratulate	gratulieren
	shelf (n.)	Regal
	cooperate	kooperieren
	line of business	Branche	Geschäftsbereich
	law	Gesetz
	recover	wiederherstellen	wiedererlangen
	must (aux. v.)	müssen
	treat (v.)	sich aufhalten	verweilen	behandeln	umgehen
	toward	gen
	tiny	winzig
	street	Straße
	morality	Tugend	Moral
	listen	horchen	zuhören
	hall	Halle
	standing grain	stehendes Getreide
	journey (n.)	Reise	Reiseabschnitt	Fahrt
	harmony	Harmonie
	shift (v.)	verlagern	verlegen	verschieben
	autumn	Herbst
	gloomy	betrübt	bedrückt	bekümmert
	profit (n.)	Gewinn	Profit
	perfume (n.)	Parfüm
	seasons (n.)	Jahreszeit
	committee	Komitee	Kommission
	elegant	elegant
	penetrate	durchdringen
	entice	verführen	verlocken	verleiten
	experience (n./v.)	etwas erleben	erleben
	rice	Reis
	lost	verirren	verirrt
	riddle	Rätsel
	kind (n.)	Sorte	Typ	Kategorie	Art
	bamboo	Bambus
	laugh (v.)	lachen
	box (n.)	Kiste	Kasten
	pen	Schreibstift
	etc.	usw.
	calculate	rechnen
	answer (v.)	antworten
	strategy	Taktik
	person	Mensch
	prisoner	Häftling
	portion	Portion
	occupy	einnehmen	etw. in Besitz nehmen	erobern	sich aneignen	besetzen
	furniture	Möbel
	you	du
	you (respectful)	Sie
	what?	was?
	strip (n.)	Streifen
	value (n.)	Wert
	make	machen
	however	aber
	dwell	wohnen
	position (n.)	Stand	Stellung	Rang
	piece	Stück
	still (adv.)	weiterhin
	he	er
	rest (v.)	sich ausruhen	ruhen
	faith	Vertrauen	glauben	Glaube
	depend on	abhängen von	abhängig sein
	example	Beispiel
	individual	einzelner
	healthy	gesund
	halt (v.)	anhalten
	upside down	verkehrt herum	rückwärts	umgekehrt
	benevolence	Menschlichkeit	Herzensgüte	Gutherzigkeit	Humanität
	excellent	vorzüglich	exzellent
	wound (n.)	Wunde
	safeguard (v.)	sichern	gewährleisten	garantieren	versichern
	fort	Festung	Burg
	pay (v.)	bezahlen		geben	übergeben	überlassen
	government office	Regierungssitz
	bow one‘s head	den Kopf neigen
	substitute for	vertreten	ersetzen
	bag (n.)	Beutel
	transform	umwandeln
	flower (n.)	Blume
	commodities	Artikel	Güter
	whatwhichwhowherewhy?	waswelcherwerwowarum?
	convenient	bequem
	100 Chinese inches	100 chinesische Zoll
	use (v.)	benutzen	verwenden	gebrauchen
	long time	lange Zeit
	Chinese acre	chinesischer Morgen
	third	das dritte	drittes
	handle (n.)	Griff
	meat	Fleisch
	rotten	verfaulen	faulig	Tofu
	multitude	Menschenmasse
	sit	sitzen
	seat (n.)	Sitz
	examine	prüfen	untersuchen
	face (n.)	Gesicht
	come	kommen
	wheat	Weizen
	drink (v.)	trinken
	thirsty	durstig
	appoint	ernennen
	royal court	Hof eines feudalen Herrschers	Königshof
	court of law	Gerichtshof
	by means of	mittels
	similar	ähnlich sein	ähneln	gleichend
	combine (v.)	verschmelzen	verbinden	zusammenlegen	kombinieren
	piece together	zusammenfügen	zusammensetzen
	spine	musikalische Note	Rückgrat
	associate (n.)	Kamerad
	glory (n.)	Ruhm
	labor (n.)	Arbeit	Mühsal	Maloche
	camp	Feldlager
	virtuous	tugendhaft	wohlwollend	gutherzig	mildtätig	gütig
	year	Jahr
	night	Nacht
	liquid	Flüssigkeit
	call out (v.)	laut rufen
	exchange (v.)	austauschen	wechseln
	travel (v.)	reisen
	execute	durchführen
	go swimming	kraulen	planschen
	tour (v.)	herumfahren	bereisen	eine Tour machen
	not	nicht
	suddenly	plötzlich
	thing	Ding
	easy	leicht	mühelos
	grant (v.)	gewähren	verleihen	schenken	jemandem etwas zuwenden
	corpse	Leiche
	nun	buddhistische Nonne
	woolen cloth	Wollstoff
	mud	Schlamm
	habitation	Haus	Zimmer
	grip (v.)	fassen	erfassen
	reside	wohnen	leben	residieren
	saw (n.)	Säge
	story	Schicht	Schichtung	Stockwerk
	bureau	Amt	Büro	Behörde
	door	Tür
	domicile	Domizil	Zimmer
	hire (v.)	jn einstellen	anstellen
	look back	sich herumdrehen und schauen	sich umsehen	berücksichtigen
	show (v.)	zeigen
	society	Gesellschaft	Verein
	inspect	sehen	inspizieren
	happiness	Glückseligkeit
	prohibit	verbieten	Tabu
	front of a garment	Vorderteil eines Kleidungsstücks
	religion	Religion
	worship (v.)	hoch	aufragend	erhaben
	offer sacrifice	opfern
	scrutinize	untersuchen	etw. genau prüfen	(prüfend) in etw. Einblick nehmen	mustern
	scrub	schrubben
	wherefore (n.)	Veranlassung	Grund	auf Grund von
	take out	herausziehen	herausnehmen
	oil	Öl
	first	das erste	erster
	pawn (v.)	verpfänden
	express (v.)	erzählen	erklären	aussprechen	darlegen
	extend	strecken	dehnen
	gods	Gottheit
	fruit	Frucht
	lesson	Lektion
	granule	Kügelchen	Körnchen			Korn
	catty (n.)	Pfund	Jin
	place (n.)	Stelle
	near	nah
	hew	abhacken
	temporary	zeitweilig	vorübergehend
	gradually	allmählich
	quality (n.)	Qualität
	reprimand (v.)	tadeln
	accuse	anklagen	beschuldigen
	for the first time	anfänglich	zum ersten Mal
	how?	wie?
	yesterday	gestern
	do	tun	machen	schreiben	verfassen	(künstlerisch) schaffen
	snow (n.)	Schnee
	anxious	es eilig haben	auf etw. brennen	ungeduldig
	seek	suchen
	married woman	verheiratete Frau
	sweep	kehren	fegen
	record (v.)	abschreiben	Protokoll führen	aufzeichnen
	commonplace (adj.)	gewöhnlich	mittelmäßig
	contend	kämpfen	ringen	wetteifern	streiten
	clean (adj.)	sauber
	matter	Angelegenheit	Sache
	Tang	Tang
	sugar	Zucker
	hale (adj.)	Gesundheit	Wohlbefinden
	overseer	Obervorsteher	Ortsvorsteher (in der alten Zeit)
	Queen Elisabeth	Queen Elisabeth
	monarch	Monarch
	skirt (n.)	Rock
	crowd (n.)	Meute
	and	und
	need (v.)	brauchen	bedürfen	etw. nötig haben
	Confucian	Konfuzianische Schule	konfuzianisch
	auspicious	Gutes verheißend	glückbringend	günstig
	upright	aufrecht
	bent	krumm
	Big Dipper	Großer Wagen
	material (n.)	Material
	academic discipline	wissenschaftliche Disziplin
	utilize	benutzen	anwenden	verwenden	gebrauchen
	times past	Vergangenheit
	borrow	leihen
	mistaken	irrtümlich	irrig
	scattered	verstreut	auseinander	sich lösen	sich lockern	auseinandergehen	lose
	scatter	streuen	ausstreuen	spritzen	verstreuen	zerstreuen	verschütten
	prepare	vorbereiten
	twenty	zwanzig
	mat	Matte
	degrees	Grad
	ferry (n./v.)	Fähre
	half (n./adj.)	Hälfte
	partner	Partner
	fat (adj.)	fett	beleibt
	judge (v.)	urteilen	beurteilen
	dependents	Familienangehöriger	Angehöriger
	boxing (n.)	Boxen
	victory	Sieg
	slice (n.)	Scheibe
	printing plate	Druckplatte
	put on makeup	schminken
	robust	stark	kräftig	robust
	hamlet	Gut	Gehöft	Dörfchen	Ortschaft
	attire (n.)	Tracht
	General	General
	of	von	des
	weary	müde	matt	erschöpft	abgespannt
	blink (v.)	blinzeln
	no	nein	nicht	negativ
	negate	verneinen
	cup	Tasse	Becher
	dart (n.)	Pfeil
	tribe	ethnische Gruppe
	know	wissen
	wisdom	Weisheit
	spear (n.)	Speer
	gentle	sanft
	knead	kneten
	tasks	Angelegenheit
	fog	Nebel
	bestow	geben	gewähren	jm etw. zukommen lassen	verleihen
	preface (n.)	Einleitung	Vorwort
	beforehand	im voraus
	wild (adj.)	wild
	class (n.)	Klasse
	bow (n.)	Bogen
	draw (v.)	ziehen	anspannen	anziehen
	strong	stark
	weak	schwach
	bullet	Projektil	Geschoss
	Buddha	Buddha
	expense	Kosten	Gebühr
	younger brother	jüngerer Bruder
	No.	Nr.
	adroit	geschickt	gewandt
	somebody	Rumpf	Körper	Leib
	shoot (v.)	schießen
	thank	danken
	old man	alter Mann
	take an exam	eine Prüfung ablegen
	roast (v.)	backen	rösten
	filial piety	Kindespflicht
	teach	lehren
	someone	jemand	jemand mit einer Eigenschaft	derjenige mit einer Eigenschaft	Person
	-ing	gerade …	-nd
	pig	Schwein
	chase	verfolgen
	commander	Oberbefehlshaber	Oberkommandierender
	teacher	Lehrer
	lion	Löwe
	bureaucrat	Beamter	Bürokrat
	pipe	Rohr
	father	Vater
	mingle	Umgang pflegen mit
	effect (n.)	Effekt
	relatively	relativ	vergleichsweise
	school (n.)	Schule
	lower leg	Fuß	Bein	Unterschenkel
	run (v.)	rennen
	jump (v.)	springen
	path	Pfad
	dew	Tau	Tautropfen
	skeleton	Skelett
	slippery	rutschig
	cross (v.)	hinübergehen	überqueren
	Apollo	die Alpen
	aah!	Ah!	Ach!
	occasion	Gelegenheit	Grenze	Rand	Anlass
	perilous	Gefahr	Risiko	schwer passierbare Stelle	enger Pass
	as you wish	nach Belieben	wie es beliebt
	Yang	Yang
	exhibit (v.)	ausstellen
	ward off	verteidigen	schützen	sich in acht nehmen	abwehren	vorbeugen
	attach	beifügen
	Inst.	Hof	Institution	Inst.
	battle formation	Schlachtordnung	Formation
	team	Mannschaft
	descend	fallen	sinken	senken	etw. sinken lassen
	stairs	Treppe	Treppenstufe	Stufe
	hole	Loch
	research (v.)	erforschen
	abruptly	unvermittelt
	empty	leer
	control (v.)	beherrschen
	border	Seite	Grenze	Grenzgebiet
	deep	tief
	spy (n.)	Detektiv	Spion
	hill	Hügel
	troops	Truppe	Soldat
	silk	Seide
	line (n.)	Linie
	maintain	bewahren	zusammenhalten	aufrechterhalten	instandhalten
	silk gauze	Vogelnetz	Seidengaze
	continue	fortsetzen	fortfahren	weiterführen	fortdauern
	continuum	komplexes System	Zusammenhang	Kontinuum
	give	geben
	tie (v.)	knüpfen	knoten	schlingen	binden
	end (n.)	Ende
	rank (n.)	Rang
	epoch	Zeitalter	Epoche
	red	rot
	make an appointment	einen Termin vereinbaren	sich verabreden
	fine (adj.)	dünn	fein
	tight	straff	fest
	weave (v.)	weben
	net (n.)	Netz
	green	grün
	curved (adj.)	gekrümmt	gebogen	gewunden
	bay (n.)	Bucht
	be enamored of	sich verlieben	verliebt sein
	change (v.)	sich verändern	sich wandeln
	scripture	klassische Schrift
	lightweight (adj.)	leicht	leichtgewichtig
	behind	hinten	hinter
	how many?	wie viele?
	machine	Maschine
	sever	abbrechen	abschneiden	unterbrechen
	carry on	fortsetzen
	obvious	offensichtlich
	music	Musik
	medicine	Medizin	Arznei
	chicken	Huhn
	(suffix)	(Suffix)	(Endsilbe)
	lineage	Stammbaum	Fachbereich	Fakultät
	relate to	gehen um	um etwas handeln
	grandchild	Enkel
	withdraw	sich zurückziehen	zurückweichen
	foot	Fuß
	apparel	Kleidung	Kleider
	fate	Schicksal
	stay (v.)	bleiben
	slide (v.)	gleiten	rutschen	glatt	flutschen
	chat (v.)	plaudern
	willow	Weide	Weidenbaum
	orders (n.)	Befehl
	cold	kalt	eiskalt
	zero	Null	null
	collar (n.)	Kragen
	communicate	verbinden	in Verbindung stehen
	courageous	mutig	kühn	tapfer
	criminal (n.)	Verbrecher	Straftäter
	danger	Gefahr
	fragile	brüchig	spröde	knusprig	zerbrechlich
	print (n./v.)	drucken
	excitement	Begeisterung	Interesse	Freude
	liquor	Alkohol
	distribute	zusammenmischen	zuteilen
	chieftain	Stammeshäuptling	Häuptling
	venerate (v.)	ehren	hochachten	respektieren
	abide by	befolgen	einhalten
	beans	Bohne
	head (n.)	Kopf
	short	kurz
	ceremony	Ritual	Zeremonie
	body	Körper
	drum	Trommel
	joyful	Freude	sich freuen	freudig
	kitchen	Küche
	timber	Baum
	blood	Blut
	exhausted	zu Ende	erschöpft	am Ende	nicht mehr weiter	äußerst
	to the utmost	bis zum Möglichsten	mit allen Mitteln	mit aller Kraft		äußerst
	lid	Deckel
	temperature	Temperatur
	supervise	überwachen
	basket	Korb
	blue	blau
	silver	Silber
	heel (n./v.)	Ferse
	very	sehr
	root (n.)	Wurzel
	immediately	unmittelbar
	holiday	Feiertag
	retreat (v.)	sich zurückziehen	zurückbewegen	zurücktreten	abtreten	(Dienst usw.) quittieren
	leg	Bein
	limit (n./v.)	limitieren	beschränken	begrenzen
	eyelet	kleines Loch	enge Öffnung	Öse
	high-quality (adj.)	von guter Qualität	hochwertig
	breakers	Woge	Brecher
	mom	Mutti
	food	Essen
	meal	Mahlzeit
	dine	speisen	eine Mahlzeit einnehmen
	Bldg.	Unterkunft für Gäste	Stätte für kulturelle Aktivitäten	Gbde.
	raise (v.)	ernähren	großziehen
	since	da
	approximate (adj.)	allgemein	im allgemeinen	ungefähr	generell
	even (adj.)	eben	platt	flach
	evaluate	kommentieren	bewerten	beurteilen	abschätzen
	level ground	ebene Fläche	Flachland
	ooh!	Oh!
	shout (v.)	ausatmen	herausschreien	rufen	schreien
	hope (v.)	hoffen
	scarce	spärlich
	study (v.)	lernen	studieren
	senses (n.)	Sinne	spüren
	stir (v.)	umrühren	rühren
	sinister	unheildrohend	verhängnisvoll
	cruel	böse	furchterregend	schrecklich
	bosom	Brust	Busen
	leave (v.)	verlassen
	fowl	Geflügel
	peppery	würzig	scharf
	manage	handeln	erledigen	verwalten
	dispute (v.)	sich auseinandersetzen	disputieren	debattieren
	partition (n.)	Trennwand	Mauer
	evade	ausweichen
	new	neu
	fuel	Brennholz	Brennstoff
	relatives	Verwandter
	inner garments	Futterstoff
	good fortune	zum Glück	glücklicherweise	Glück
	clench (v.)	festhalten	packen	etw. in der Hand haben
	newspaper	Zeitung
	call (v.)	rufen
	receive	entgegennehmen
	land (n.)	Festland
	force (n.)	Macht	Einfluss
	heat (n./v.)	Wärme	Hitze
	technique	Kunstfertigkeit	Fertigkeit
	sign of the pig	Zeichen des Schweins
	nucleus	Kern
	tot	Knirps	Kind
	carve	schnitzen
	should	sollen
	narrate	erzählen
	art	Kunst
	kill	töten
	aid (v.)	helfen	assistieren	unterstützen	behilflich sein
	yield	lassen	überlassen
	territory	Gebiet	Territorium
	frigid	kalt
	competition	Wettkampf
	poison (n.)	Gift
	vegetarian diet	vegetarische Kost
	blue or green	grün-blau	blau oder grün
	refined	raffiniert	verfeinert
	invite	bitten	einladen
	feelings	Gefühl
	eyeball	Augapfel
	pure	rein
	quiet	ruhig
	responsibility	Pflicht	Verantwortung
	accomplishments	Verdienst
	accumulate	aufhäufen	anhäufen
	surface (n.)	Oberfläche
	watch (n.)	Uhr	Armbanduhr
	life	Leben
	star (n.)	Stern
	surname	Familienname	Nachname
	sex	Geschlecht
	harm (n./v.)	Schaden	Schädigung
	cut off (v.)	abschneiden
	intelligent	intelligent
	plentiful	reichlich
	springtime	Frühling
	tranquil	Thailand
	proffer (v.)	darbieten
	cudgel (n.)	Knüppel
	diligent	fleißig
	careful	vorsichtig
	merely	nur	bloß	lediglich
	Han	Han
	difficult	schwierig
	vendor‘s stand	Verkaufsstand	Kiosk
	splendor	Pracht
	clamor (n.)	Lärm	Geräusch	Getöse
	droop	herabhängen
	hammer (n.)	Hammer
	sleep (v.)	schlafen
	now	Gegenwart	jetzt
	harbor (v.)	etw. im Mund haben	in sich bergen
	miss (v.)	vermissen
	Yin	Yin
	shady	schattig
	west	Westen
	want (v.)	wollen
	waist	Taille
	ticket	Eintrittskarte
	drift (v.)	dahintreiben
	mark (n.)	Markierung	Kennzeichen	Kennzeichnung
	merchant	Kaufmann
	price	Preis
	smoke (n.)	Rauch
	south	Süden
	gate	Tor
	(plural)	(Mehrzahl)
	leisure	müßig	Muße
	ask	fragen
	interval	Zwischenraum
	simple	einfach
	open (v.)	öffnen
	hear	hören
	storehouse	Speicher
	gun	Gewehr	Schusswaffe
	initiate (v.)	(erstmals) erzielen	erzielen	zustande bringen	ins Leben rufen
	non-	nicht entsprechen	un-
	row (n.)	Reihe
	guilt	Sünde	Schuld
	lean on	anlehnen
	marquis	Fürst
	wait (v.)	warten
	decide	entscheiden
	fast (adj.)	schnell
	chopsticks	Essstäbchen
	tanned hide	Leder	gegerbte Tierhaut
	surround	umschließen	umringen
	great	großartig	bedeutend
	defend	verteidigen
	offend (v.)	vor den Kopf stoßen	zu nahe treten
	shore	Ufer
	trunk	Stamm
	drought	Dürre
	hurry (v.)	eilen
	Yu	Yu
	eaves	Dachtraufe	Dachrinne	Dachvorsprung
	moi	moi
	excess	Rest	Überschuss
	eliminate	loswerden	entfernen	beseitigen
	route (n.)	Strecke	Route
	bundle up	bündeln	schnüren	Bündel	binden
	quick	geschwind	Geschwindigkeit
	spicy hot	beißend	scharf schmeckend
	entire	vollständig	gesamt
	practice (v.)	üben	trainieren
	opt for	auswählen	aussuchen	eine Auswahl treffen
	heavy	schwergewichtig
	understand	verstehen
	move (v.)	sich bewegen	bewegen
	species	Art	Spezies	Sorte
	collide	Zusammenstoß	Kollision	aufprallen
	illness	Krankheit
	ache (v.)	Schmerz	schmerzen
	insane	geisteskrank
	match (v.)	ebenbürtig sein
	region	Region
	hub	Türangel	Knotenpunkt	Dreh- und Angelpunkt
	Europe	Europa
	physician	Arzt
	look up to	zu jemandem aufschauen	aufschauen
	greet	begrüßen
	ascend	in die Höhe gehen	nach oben steigen	besteigen
	lamp	Leuchte	Lampe
	evidence	Nachweis	Beweis	Beleg	Ausweis
	send out	senden	absenden	aussenden
	discard (v.)	abschaffen	fallenlassen	aufgeben	etwas aufgeben
	shape (n.)	Form
	shadow (n.)	Schatten
	hue	Farbe	Buntheit	Farbigkeit	Färbung	vielfarbig
	have to	nötig sein
KARTE	rare	kostbar	selten
	participate	teilnehmen
	wretched	jämmerlich
	repair (v.)	reparieren
	literature	Schrift
	mosquito	Mücke
	erudite	intelligenter und ehrenhafter Mensch	versiert	distinguiert	gebildet	kultiviert
	countenance (n.)	Gesichtsausdruck	Antlitz
	products	Produkt
	rate (n.)	-satz	Rate	Quote
	tumble (v.)	auf den Boden fallen	stürzen	abstürzen
	center	Zentrum
	England	England
	crust	etwas Eingetrocknetes	Kruste	Bodenkruste
	grasp (v.)	halten	greifen	ergreifen	Griff	Handgriff	Henkel
	papa	Papa
	bar (n.)	Bar
	color (n.)	Farbe
	discontinue	abbrechen
	sweet	gefällig	wohltuend	süß
	such and such (adj.)	gewisser	soundso
	his-hers-its-theirs	ihr sein
	period of time	Periode
	base (n.)	Grundlage
	Sphinx	Sphinx
	tremendously	ungemein	äußerst	mehr als
	expensive	teuer
	bequeath	zurücklassen	verlorengehen	abhanden kommen	hinterlassen
	dance (n./v.)	Tanz
	nothing	nichts
	comfort (v.)	trösten
	moreover	außerdem	überdies
	older sister	ältere Schwester
	group (n.)	Gruppe
	ancestor	Vorfahr	Ahn
	assist (v.)	assistieren
	side by side	Seite an Seite
	universal	allgemein	universal
	profession	Beruf	Job	Branche
	that‘s right	das stimmt
	together	gemeinsam
	supply (n./v.)	liefern	versorgen
	different	verschieden	andersartig
	lane	Gasse
	port (n.)	Hafen
	choose	auswählen	wählen
	well (n.)	Brunnen
	Asia	Asien
	evil (n./adj.)	böse	das Böse
	angle	Ecke	Winkel
	untie	aufbinden	aufschnüren
	orifice	Mündung	Öffnung
	once more	noch einmal	nochmals
	weigh	abwiegen
	lecture (v.)	erläutern	erklären	dozieren
	frame (v.)	konstruieren	formen	zusammensetzen
	flat (adj.)	flach
	piece of writing	Schriftstück
	compile	zusammenstellen
	theory	Theorie
	wheel	Rad
	canon	Kanon	Standardwerk	Kodex
	family name	Familienname
	paper	Papier
	dusk	Abenddämmerung
	marriage	heiraten	Hochzeit	Ehe
	low	niedrig
	bottom	Boden
	people	Volk
	slumber (n.)	Schlummer
	Fu	Fu
	patch (v.)	flicken
	knowledgeable	belesen	reich ausgestattet mit	Dr.
	wrestle	ringen
	metropolis	Metropole
	department	Teil	Abteilung
	young man	(Anrede für Männer) Herr	Bursche
	countryside	Land	ländliche Gebiete
	echo (n.)	Echo	Schall
	section (n.)	Abschnitt
	forge (v.)	schmieden
	unreal	unwirklich
	take charge of	führen	verwalten	managen
	word (n.)	Wort
	boat	Boot
	ship (n.)	Schiff
	sort (n.)	Art	Weise	Sorte
	tray	Teller	Tablett
	relocate	an einen anderen Platz legen	umstellen	umziehen	verlagern
	melon	Melone
	orphan	Waise
	benefit (n.)	Vorteil	Nutzen
	vacation (n.)	Urlaub	Ferien
	shrimp	Garnele
	air (n.)	Luft
	vapor	Dampf	Wasserdampf
	fly (v.)	fliegen
	face-to-face	von Angesicht zu Angesicht
	noodles	Nudel
	leather (n.)	Leder
	shoes	Schuh
	fragrant	Wohlgeruch	wohlriechend
	voice (n.)	Stimme
	Wu	Wu	das Reich Wu
	amusement	Vergnügung	Unterhaltung
	error	Fehler
	undertake	übernehmen
	steam (v.)	dämpfen	verdunsten
	tooth	Zahn
	pass through	durch etwas gehen
	wow!	Oha!	(Überraschung)
	explain	erklären
	try (n.)	Mal	Dransein
	turn over	umdrehen
	broadcast (v.)	säen	die Saat ausstreuen	übertragen
	fur	Fell
	tail	Schwanz
	dwelling (n.)	Haus	Wohnung	Wohnstätte
	entrust	betrauen mit
	act (v.)	handeln
	bogus	gefälscht
	long	lang
	stretch (v.)	spannen
	swell (v.)	durch Wasser aufschwellen	quellen	schwellen
	cover (n.)	Hülle
	hair of the head	Kopfhaar	Haupthaar
	unfold	entfalten
	funeral	Bestattung
	wild goose	Wildgans
	ought to	sollen	es gebührt sich
	bird	Vogel
	hawk	Falke
	duck (n.)	Ente
	island	Insel
	encounter (v.)	begegnen
	ten thousand	zehntausend
	stride (v.)	schreiten
	ridge of a hill	Hügelkamm
	just now	gerade eben	soeben
	deficient	mangeln	mangelhaft	unzulänglich
	treasure (n.)	Schatz
	remote (adj.)	fern
	shake (v.)	schütteln
	rabbit	Kaninchen
	flee	fliehen	entkommen
	avoid	vermeiden
	nightfall	Abend
	elephant	Elefant
	likeness	Porträt	Ebenbild	Abbild
	horse	Pferd
	mama	Mama
	scold (v.)	schimpfen
	yes or no	ja oder nein
	check (v.)	kontrollieren
	ride (v.)	reiten
	startled	erschrocken
	tiger	Tiger
	ponder	denken	nachdenken	überlegen	grübeln
	location	Ort	Stelle
	frolic	Späße machen	scherzen	herumtollen
	drama	Theater
	certificate	Nachweis	Zertifikat
	deer	Reh
	dust (n.)	Staub
	lovely	hübsch
	bear (n.)	Bär
	ability	Fähigkeit
	attitude	Haltung
	sign of the tiger	Zeichen des Tigers
	perform	aufführen
	sign of the dragon	Zeichen des Drachens
	morning	Morgen
	agriculture	Landwirtschaft
	concentrated	dickflüssig	konzentriert
	deliver	bringen
	ghost	Gespenst
	demon	Dämon
	lump (n.)	Klumpen
	dragon	Drache
	raid (v.)	überfallen	Überfall
	youngster	Jugendlicher
	old	alt
	write	schreiben
	diarrhea	Durchfall
	dos	zwo
	duo	beide
	full	voll
	you (literary)	du (literarisch)
	fill (v.)	übervoll	überfüllen	füllen
	false	falsch	nichtig
	unite	vereinigen
	shut (v.)	schließen
	that	jenes
	which?	welches?
	witch	Hexe
	spirit	Geist
	county	Landkreis
	suspend	baumeln lassen	hängen lassen	ergebnislos	schwebend
	offer (v.)	anbieten
	lift up	heben
	brain	Gehirn
	annoyed (adj.)	verärgert
	specialty	Spezialgebiet
	spread (v.)	weitergeben	verbreiten	überliefern
	rotate	sich drehen	rotieren
	troupe (n.)	Truppe	Regiment
	yellow	gelb
	extensive	ausgedehnt
	horizontal	waagerecht
	window	Fenster
	general (adj.)	zusammenfassen	generell	total
	verbose	wortreich
	assume	schultern
	number (n.)	Zahl
	multistory building	Etagengebäude
	alone	allein
	belong to	zugehören	Kategorie
	spoiled	verdorben
	orchid	Orchidee
	follow	folgen
	vertical	senkrecht
KARTE	identical	symmetrisch
KARTE	relieve (v.)	lindern	unterstützen
KARTE	clown	Clown
KARTE	twist (v.)	verdrehen
KARTE	lowly	nieder
HALB	brand (n.)	Marke
	appellation	Bezeichnung
	peculiar	seltsam	sonderbar
	crimson	blutrot
	likewise	ebenso
	extreme (n.)	Extrem
	miscellaneous	verschiedenartig	divers
	sayeth	äußern
	chaos	Chaos
	trumpet (n.)	Trompete
	mutter	murmeln
	we (inclusive)	wir (einschließend)
	string together	auf eine Schnur ziehen
	overspread (v.)	überziehen
	hubbub	Tumult
	invert	invertieren	etwas auf den Kopf stellen
	talkative	plappern	schwatzhaft
	scrape (v.)	schaben
	stare at	anstarren
	rebuke (v.)	schelten
	adultery	Unzucht
	baby	Baby
	father‘s sister	Schwester des Vaters
	nanny	Kindermädchen
	cautious	achtsam
	big	riesig
	lay brick	mauern
	whistle (n.)	Trillerpfeife
	sway (v.)	schwenken
	moor (v.)	anlegen
	get rid of	aussondern
	soak	benetzen
	insignificant	unbedeutend
	gland	Drüse
	level (adj.)	eben
	newborn (n.)	Neugeborenes
	bank (n.)	Saum	Küstensaum
	inch	Zoll	englisches Zoll
	elbow (n.)	Ellbogen
	scorch	versengen
	stir-fry (v.)	pfannenrühren	sautieren
	sprinkle	berieseln
	mile	Meile
	carp (n.)	Karpfen
	Hey!	Hey!
	cinnabar red	mennigfarben
	boisterous	laut	lärmend
	visitor	Besucher
	water's edge	Gestade	Rand eines Gewässers	nah am Wasser
	widowed	verwitwet
	shed (n.)	Schuppen
	cypress	Zypresse
	thick stick	Reckstange
	flouds	Blolken
	prevent	verhindern
	cassia-bark tree	chinesischer Zimtbaum
	chair	Stuhl
	hero	Held	überragend
	cherry	Kirsche
	treetops	Astspitze	Wipfel
	paulownia	Paulownie
	Song	Song
	drench	begießen
	burn (v.)	verbrennen
KARTE	obscure (adj./v.)	finster	verschleiert
	vermilion	zinnoberrot
	tree trunk	Baumstamm
	roof beam	Dachbalken
	saucer	Untertasse
	bud (v.)	keimen
	exacting	rigoros
	membrane	Membran
	solitary	verlassen sein
	sunset	Sonnenuntergang
	ignite	anzünden
	curse (v.)	verfluchen
	beast	Bestie
	raccoon dog	Marderhund
	sniff (v.)	schnuppern
	dude	Männchen
	jail	Knast
	succor (v.)	beistehen
	abode	Hütte
	wha?	wat?	wa?
	in agreement	im Einvernehmen
	thriving	florierend
	green jade	grüne Jade
	tearful	sich stauen	tränenreich
	crooked	verdreht
	pearl	Perle
	shocking	entsetzlich
	crocodile	Krokodil
	fight (v.)	kämpfen	streiten	ringen	Kampf
	plug (n.)	Stöpsel
	pillar	Pfeiler
	hook (n./v.)	Haken
	paper money	Geldschein
	put up for sale	absetzen
	lock (n./v.)	Schloss
	drill (n./v.)	Bohrer
	compel	zwingen
	press (v.)	unter Druck setzen
	escape (v.)	fliehen	flüchten	die Flucht ergreifen	ausreißen	entgehen	entkommen	entfliehen	entschlüpfen
	flaunt	zur Schau tragen
	rumble (n./v.)	krachen	Bums!
	rails	Gleis
	flatten	walzen
	spokes	Speiche
	sauté (v.)	anbraten	normal braten?
	figure of speech	Metapher
	elm	Ulme
	abbreviation	knapp	kurz und bündig	kurze Darstellung	Abriss	Umriss	auslassen	weglassen
	dizzy	schwindelig
	muddled	unklar	undurchsichtig	dusselig
	ointment	Creme
	go smoothly	reibungslos
	hum (v.)	summen
	honest	schlicht	ehrlich	aufrichtig	geradeheraus
	whale	Wal
	redeem	wiedergutmachen	freikaufen	loskaufen
	daylight	tagsüber
	Tianjin	Tianjin
	smidgen	Klitzekleinigkeit	My
	small objects	kleine Dinge
	herd (v.)	weiden
	rose	Rose
	candid	ehrlich
	promise (n.)	Versprechen
	meaning	Bedeutung
	inquire	sich erkundigen
	penalize	bestrafen
	place an order	abonnieren	bestellen
	chant (v.)	rezitativisch singen	psalmodieren	intonieren
	espionage	Spionage
	annotate	anmerken	mit Anmerkungen versehen	Anmerkung
	forgive	verzeihen
	praise (v.)	loben	rühmen	preisen	Lobschrift	Lobrede
	II	II
	sick and tired of	es satt haben
	discharge (v.)	ablassen	ausströmen	Luft machen	freien Lauf lassen
	paddle (v.)	rudern	paddeln
	caw (n.)	Krächzen	Geschnatter
	domain	Domäne
	sow (v.)	säen
	kin	Verwandter	Kind und Kegel
	despise	geringschätzen
	yell (v.)	krakeelen
	splatter (v.)	spritzen
	address (n.)	Adresse
	astringent	herb
	apple	Apfel
	go to	sich begeben nach
	trip	Tour
	dike	Deich
	keyboard keys	Taste
	son-in-law	Schwiegersohn
	tailor (v.)	schneiden	zuschneiden	abschneiden	ausschneiden	beschneiden	verringern	reduzieren	entlassen
	socks	Socke
	trundle (v.)	rollen	wälzen
	decline (v.)	verfallen
	innermost feelings	innerste Gefühle	Herzensgrund
	meditation	Meditation
	ape	Menschenaffe
	dangle	herablassen	an einem Seil herablassen
	handkerchief	Taschentuch
	note (n.)	Notiz
	sail (n.)	Segel
	width of cloth	Stoffbahn
	brocade	Brokat
	copious	reichlich	voller
	persimmon	Kakipflaume	Persimone
	stir up trouble	Unruhe stiften
	thorn bushes	Dornenbusch
	jujube	Jujube
	flower bud	Knospe
	gulp down	verschlingen
KARTE	bewitching	betörend	verführerisch
	fertile	fruchtbar
	sedan chair	Sänfte
	garbage	Müll
	weep aloud	flennen
	fruit stem	Stiel
	drip (v.)	tropfen	Tropfen
	100 Chinese acres	100 chinesische Morgen	Qing
	spoon (n.)	Löffel
	well-behaved	brav	artig
	hitch a ride	fahren
	leftover (adj.)	Rest
	club (n.)	Keule
	in accord	harmonisch
	firewood	Brennholz
	quick-witted	agil	behende
	mildew (n.)	Schimmelpilz
	so far	bis jetzt	bisher
	chop (v.)	fällen	hacken
	hump (n.)	Bodenunebenheit
	cook (v.)	kochen
	think highly of	hochachten	respektieren	verehren	ästimieren
	cut open	sezieren	aufschneiden
	bodhisattva	Bodhisattwa
	mango	Mango
	wasteland	Ödland
	lie (n.)	Lüge
	boundless	grenzenlos
	win (v.)	gewinnen	siegen
	interrogate	verhören
	workshop	Werkstatt
	aromatic	duftend
	call on	aufsuchen	besuchen
	stew (v.)	schmoren
	tobacco	Tabak	Zigarette
	roster	Namensliste
	pound (n.)	Pfund	500 Gramm
	upper arm	Oberarm
	sharp	scharf
	rainbow	Regenbogen
	bat (n.)	Fledermaus
	frog	Frosch
	locust	Heuschrecke
	cicada	Zikade
	maple	Ahorn
	placenta	Plazenta
	fireworks	Kanone
	robe (n.)	Robe
	hail	Hagel
	pursue	verfolgen	nachjagen	vertreiben	ausweisen	hinausjagen
	satisfy	zufriedenstellen
	Mongolia	Mongolei
	dim (adj.)	schummrig
	unrestrained	unbändig
	peck (v.)	picken
	chisel (v.)	meißeln
	marry	heiraten
	intestines	Darm
	poplar	Pappel
	scald	verbrühen
	licentious	zügellos
	detailed	detailliert
	envy (v.)	beneiden
	solely	einzig
	pile (n./v.)	Stapel
	apprehensive	beunruhigt
	lay eyes on	schauen
	reef	Riff
	banana	Banane
	sculpture	gravieren	Skulptur
	lop off	abtrennen
	allow	genehmigen	erlauben	bewilligen
	sparrow	Spatz
	all at once	unversehens	auf einmal
	exert oneself	sich anstrengen	sich ins Zeug legen	sich aufraffen
	take by force	gewaltsam wegnehmen	wegnehmen
	turn upward	sich an einem Ende in die Höhe heben	sich nach oben krümmen	sich anheben
	fall down	einstürzen		zusammenfallen	einsinken
	writing brush	Pinsel	Schreibfeder
	throat	Rachen
	in-law (adj.)	Schwieger-
	temple	Tempel
	side room	Flügelzimmer	Nebenzimmer
	(pause marker)	(Pausenzeichen)
	grind (v.)	schleifen				wetzen
	skyscraper	Wolkenkratzer
	toilet	Toilette
	realize	gewahr werden	auf einmal verstehen	nach langer Überlegung zur Einsicht kommen	jemandem geht ein Licht auf	Heureka!	begreifen
	loyal	loyal
	mourn	trauern
	prudent	umsichtig
	pardon (v.)	vergeben
	noiseless	geräuschlos
	all of a sudden	schlagartig
	indolent	träge
	immense	immens
	permanent	permanent
	admire	bewundern
	just right	gerade recht
	fearful	verängstigt
	overjoyed	fröhlich
	more and more	umso mehr	je mehr … desto …
	be bewildered	verwirrt	verblüfft	konfus
	terror-stricken	von Schrecken gepackt
	be scared of	furchterfüllt
	augment	hinzufügen
	be sorry about	leidtun
	nervous	nervös
	delighted	ergötzt
	loathe	nicht ausstehen können
	shun	scheuen
	thinking	Denken	bloß
	be frightened	Angst haben
	troubles	Sorgen
	provoke	hervorrufen
	kindness	Wohltat	Gunst	Güte	Gnade
	recall (v.)	sich erinnern
	daughter-in-law	Schwiegertochter
	put out	löschen
	Chinese harp	chinesische Harfe
	secrete	absondern
	honey	Honig
	rub (v.)	reiben	schaben	studieren	nach etw. forschen	über etw. nachgrübeln
	moth	Motte
	pick pockets (v.)	zusammenharken	stibitzen
	button (n./v.)	zuknöpfen	knöpfen
	contribute	spenden
	racquet	Schläger
	clapping sound	Knall	Patsch
	damage (v.)	schaden
	carry over the shoulder	auf der Schulter tragen
	prick (v.)	piksen
	thumb	Daumen
	detain	verhaften
	copy (v.)	kopieren
	pioneer (v.)	urbar machen
	pinch (v.)	kneifen
	chafe	sich kratzen	scheuern
	smear on	beschmieren
	describe	abpausen
	grope	tasten
	foment	schüren
	tether (v.)	anbinden
	tidy up	aufsammeln
	put up	hochziehen
	pillage (v.)	plündern
	abandon	aufgeben	auf etw. verzichten
	wipe away	wegwischen
	yank (v.)	zerren
KARTE	drag (v.)	schleppen
	publicize	bekanntmachen
	engage in	betreiben	befassen mit	verrichten
	bump into	kollidieren
	handpick	extrahieren
	lash together	zusammenzurren	zusammenbinden	festzurren
	joggle (v.)	rütteln
	harass	belästigen
	act without authority	eigenmächtig
	altar	Altar
	tremble	zittern
	rude	rüde
	take precautions against	sich hüten
	weapon	Waffe
	warn	warnen
	dash (v.)	spurten
	spurt (v.)	sprühen
	tomb	letzte Ruhestätte
	indignation	Entrüstung
	stuff (n.)	Material	Grundstoff
	pregnant	schwanger
	throw away	wegwerfen
	trash (n.)	Abfall
	fork (n.)	Gabel
	mulberry tree	Maulbeerbaum
	voicebox	Kehle
	outlaw (n.)	Gangster
	knock (v.)	klopfen
	pour into	eingießen
	authority	Befugnis	Recht
	resolute	resolut
	limb	Gliedmaße
	prostitute	Prostituierte
	fork in the road	Weggabelung
	fins	Flosse
	graceful	liebenswürdig
	spice plant	Gewürzpflanze
	queen	Kaiserin	Königin
	shield (n.)	Schild
	peddler	Hausierer
	tug (v.)	etwas umkippen	eine Situation drehen	festziehen
	try to find	nachspüren
	appropriate (adj.)	angemessen	zweckmäßig	geeignet
	notice (v.)	Notiz nehmen von
	consent (v.)	einwilligen
	cross out	wegstreichen	abhaken	skizzieren
	promote	befördert werden
	magnificent	grandios
	fetus	Fötus	Leibesfrucht
	smelt (v.)	verhütten
	typhoon	Taifun
	negligent	nachlässig
	elevate	hochheben
	mislay	verlegen
	Taiwan	Taiwan
	bring about	herbeiführen
	remove	entfernen
	sulfur	Schwefel
	glaze (n.)	Glasur
	sparse	schütter	licht	spärlich
	veggies	Gemüse	Grünzeug
	crumble	einstürzen	einfallen
	rock	Felsen
	rugged	zerklüftet
	cliff	Klippe
	charcoal	Holzkohle
	carbon	Kohlenstoff
	await hopefully	sehnsüchtig erwarten	sich nach etwas sehnen
	promulgate	erlassen
	essence	Bukett
	play the part of	mimen	sich verkleiden	darstellen
	diverge	abzweigen	sich gabeln
	extol	rühmen	preisen
	litigate	vor Gericht gehen
	elderly man	Greis
	abundant	reichlich	im Überfluss vorhanden	wohlsituiert
	banyan	Banyanbaum
	prize	Auszeichnung
	attempt (v.)	einst	einmal	ehemals	(versuchen)	(probieren)
	taste (v.)	kosten	schmecken	abschmecken
	palm of the hand	Handfläche
	fend off	abblocken
	chest	Brust
	quite	recht
	slope (n.)	Abhang
	drape over the shoulders	um die Schultern hängen
	the other	das Gegenüber
	wrinkles	Falten
	chick	Küken
	hasten	hasten
	spinach	Spinat
	breed (v.)	sich fortpflanzen
	dissimilar	unterschiedlich
	incomplete	unvollständig
	grin (v.)	grinsen
	crack (v.)	Spalt
	dedicated	aufgeweckt
	shame (n.)	Schmach
	edit	edieren
	take a photo	fotografieren
	take a wife	sich eine Frau nehmen
	lend a hand	jemandem unter die Arme greifen
	splendid	blendend
	kidneys	Niere
	recruit (v.)	anwerben	rekrutieren
	threaten	drohen
	inferior	minderwertig
	merit (n.)	Großtat	Ruhmestat
	advise	zuraten	zureden	überreden	ermutigen
	plunder (v.)	rauben
	anger (n.)	Zorn
	eggplant	Aubergine
	seemingly	anscheinend
	go on an expedition	eine weite Reise unternehmen	eine Expedition unternehmen	einen Feldzug unternehmen
	follower	Anhänger
	undecided	unentschlossen
	solicit	einziehen	Steuern eintreiben
	chasten	maßregeln
	comply with	sich halten an
	thorough	gründlich
	service	Dienst
	develop	entwickeln
	weight	Gewicht
	title	Titel
	bald	kahl
	decrepit	heruntergekommen
	seconds	Sekunde
	a little (adv.)	ein bisschen	ein wenig
	rise again	wiederauferstehen
	revive	das Bewusstsein wiedererlangen	wieder zu sich kommen
	wilt	welken
	sticky	klebrig
	host (n.)	Schar
	wall paint	Lack	Anstrichfarbe
	knees	Knie
	dense	dickflüssig	breiig	dicht
	draft (n.)	Entwurf
	clever	clever
	tax (n.)	Steuer
	crops	Feldfrüchte	Getreide
	fungus	Fungus	Pilze und Bakterien	Erreger
	immature	kindlich	unreif
	harvest (v.)	ernten	Ernte
	private (adj.)	privat
	order (n.)	Reihenfolge
	shell (n.)	Schale	Hülse
	cereal	Getreide
	shovel (n.)	Schaufel
	hold tight	ergreifen	packen	fassen	festhalten	heftig ziehen
	pear	Birne
	plow (n.)	Pflug
	calendar	Kalender
	cake	Kuchen
	batter	Paste	Brei	Mus	Kleister
	glue (v.)	kleben
	provisions	Verpflegung
	chrysanthemum	Chrysantheme
	rough	rauh
	grain	Korn
	brilliant	glänzend	strahlend	schimmernd
	powder	Pulver
	squint (v.)	die Augen zusammenkneifen	blinzeln
	currency	Währung
	die a violent death	umkommen	krepieren	verrecken
	shelter (n.)	tarnen	Schutz gewähren	Zuflucht gewähren
	cast aside	beiseite legen
	fraud	Betrug
	bamboo shoot	Bambusspross
	tube	Röhre	dickes Bambusrohr
	construct	bauen
	stupid	stupide
	arrow	Pfeil
	tendon	Sehne
	V	V
	animosity	Feindschaft
	start (v.)	initiieren
	father‘s older brother	älterer Bruder des Vaters
	mid-	Mitt-
	estimate (v.)	schätzen	einschätzen
	detect	ermitteln
	altogether (adv.)	sämtlich
	lateral (adj.)	seitlich
	bless	segnen
	assistant	Assistent
	meticulous	Jungtier	sorgfältig
	comely	chic	schick
	if	falls
	count on	sich stützen auf	sich verlassen auf
	superb	ausgezeichnet
	serve	bedienen
	mate (n.)	Kumpan
	stay overnight	übernachten
	bend over	sich beugen
	wrapping cloth	Packtuch
	steal (v.)	klauen
	fell	fällen
	wear at the waist	am Gürtel tragen
	announce	erklären	verkünden	bekanntgeben	veröffentlichen	proklamieren	verbreiten	verteilen	ausbreiten
	live abroad	im Ausland leben
	one hundred million	hundert Millionen
	incline (v.)	sich neigen
	insult (v.)	beleidigen
	times	-mal
	mimic (v.)	imitieren
	haughty	überheblich
	Buddhist monk	buddhistischer Mönch
	without haste	gemächlich
	Russia	Russland
	rite	Brauch
	nephew	Neffe
	immortal (n.)	Unsterblicher
	custom	Sitte
	repay	zurückzahlen
	for sleeping	Schlaf-
	close to	nahe bei	nah dran
	we (exclusive)	wir (ausschließend)
	inundate	überschwemmen
	conceal	bedecken	zuhalten	zudecken	zumachen	zuschließen
	prod (v.)	drängen	antreiben
	wreck (v.)	beschädigen	zerbrechen	zerstören
	take along	mit sich führen
	symbol	Symbol
	loan (n.)	Kredit
	Holland	Holland
	battle (n.)	Schlacht
	cane	Rute
	press from both sides	von beiden Seiten zusammendrücken
	chivalrous person	ritterlich	ritterlicher Mensch
	cheek	Wange
	narrow (adj.)	schmal
	coerce	nötigen
	gorge (n.)	Schlucht
	umbrella	Schirm
	assemble	sich versammeln	zusammenkommen	zusammentreffen
	frustrate	vereiteln
	saber	Säbel
	restrain	sich zurückhalten
	pick up (v.)	auflesen
	sign (v.)	unterschreiben
	thrifty	sparsam		haushälterisch
	lambsquarters	Gänsefuß	Weißer Gänsefuß
	kudzu	Kudzu
	brown	braun
	use up	aufbrauchen
	take a rest	Rast machen
	reveal	entlarven
	promiscuous	lüstern	unzüchtig	obszön
	erect (adj.)	aufrecht	gerade	steif	geradewegs
	tile	Dachziegel
	porcelain	Porzellan
	bottle	Flasche
	aluminium	Aluminium
	palace	Palast
	lustrous	glänzend und durchsichtig	kristallklar
	firefly	Glühwürmchen
	scoop up	herausfischen
	glowing	in Glanz erstrahlend
	whirl (v.)	wirbeln
	kiss (v.)	küssen
	hurriedly	fluchtartig
	tin	Zinn
	watchful	wachsam
	bits	Krümel
	urine	Urin
	brush (n./v.)	Bürste
	rhinoceros	Nashorn
	tardy	verspätet	säumig
	leak (v.)	leck sein
	fart (n.)	Furz
	footwear	Fußbekleidung
	excrement	Kot
	folding screen	Wandschirm
	knuckle under	sich unterwerfen
	excavate	graben	ein Loch schaufeln	ausheben
	ruler	Lineal
	eyebrows	Augenbraue
	flatter	schmeicheln
	shoulder (n.)	Schulter
	jealous of	eifersüchtig
	tears	Träne
	enlighten	aufklären
	fan (n.)	Fächer
	can‘t help but	nicht umhin können
	funds	Geldsumme
	evil spirit	böser Geist
	wish well	Gutes wünschen
	propitious	glückverheißend
	confidential	vertraulich
	console (v.)	trösten
	luxuriant	farbenprächtig	üppig	verschwenderisch
	garlic	Knoblauch
	palm tree	Palme
	universe	Universum	Vergangenheit, Gegenwart und Zukunft
	axle	Achse
	sleeve	Ärmel
	flute	Flöte
	female	feminin
	groan	stöhnen
	smooth	reibungslos	ungehemmt
	partnership	Gemeinschaft	Partnerschaft	sehr viel	zahlreich	eine Menge
	nest (n.)	Nest
	flora	Flora
	naked	nackt
	envelop	einwickeln
	analyze	analysieren
	distinct	ausgeprägt	deutlich
	celery	Sellerie
	discount (n.)	Rabatt	Preisnachlass
	philosopher	Weiser	weise	geistreich	Philosoph
	pass away	vergehen	verstreichen	verfließen	sterben	ableben	hinscheiden
	vow (n./v.)	Schwur
	elated	enthusiastisch
	uncover	den Deckel lüften	lüften
	supplicate	anflehen	erflehen
	conscience-stricken	vom Gewissen geplagt
	towering	sich auftürmend
	take apart	auseinandernehmen
	blow up	bersten	explodieren	detonieren
	swindle	schwindeln
	wife	Ehefrau
	miserable	betrübt	elend
	perch (v.)	nisten
	goblin	Kobold
	nimble	flink
	wield	in der Hand halten
	peel off	häuten	pellen	schälen
	collection	Kollektion	Sammlung	Ansammlung
	double (adj.)	doppelt
	earn	Geld verdienen
	dislike (v.)	nicht mögen
	unassuming	genügsam
	apology	Entschuldigung
	inexpensive	preiswert
	sickle	Sichel
	drapes	Gardine
	unshut (v.)	aufschlagen
	struggle (v.)	sich abrackern
	Chinese zither	chinesische Zither
	pool (n.)	Weiher
	arrest (v.)	festnehmen
	bondservant	Leibeigener
	generous	großzügig
	chaff	Spreu
	mess around	tricksen
	-proof	-fest
	wheeze	keuchen
	conjecture (v.)	mutmaßen
	messed up	in schlechtem Zustand
	meet with	auf etwas stoßen
	trough	Trog
	quiver (v.)	schaudern
	mediocre	stinknormal
	put to work	jemanden einstellen
	fling (v.)	im hohen Bogen schmeißen	schleudern
	rue (v.)	nachtrauern
	arrange	arrangieren
	forsake	preisgeben
	swallow (n.)	Schwalbe
	screen (v.)	abschirmen
	littoral (n.)	Feldrand	Rain	Litoral
	blend (v.)	vermengen
	betray	verraten
	voucher	Eintrittskarte
	rattan	Rattan
	state of affairs	Zustand	Form	Aussehen	Erscheinung
	wall	Wand
	old cooking pot	Dreifuß
	get some shuteye	sich auf's Ohr hauen
	invade	eindringen	Übergriff	einfallen
	immerse	durchtränken	einweichen
	stolen goods	Diebesgut
	hide (v.)	verstecken
	guts	Eingeweide
	award (n.)	Auszeichnung
	thick liquid	dicke Flüssigkeit
	oar	Paddel
	Jiang	Jiang
	abyss	tiefes Wasser
	solemn	feierlich
	howl (v.)	heulen
	desolate	desolat
	rust (n./v.)	Rost	rosten
	sesame	Sesam
	devalue	abwerten
	nonspecific	unspezifisch
	askew	schräg
	rectify	richtigstellen
	short of stature	untersetzt
	sigh–ay-ay	Oh weh…
	fine dust	feiner Staub
	suffer	erleiden
	cluster (n.)	Häufung
	thatch (n.)	Reet
	tangerine	Mandarine
	relax	strecken	entfalten	sich räkeln
	noble	prächtig
	barbarian	Barbar
	maternal aunt	Tante mütterlicherseits
	dividing line	Trennlinie	Grenze	Grenze eines Landes	Xinjiang
	stiff (adj.)	steif
	ginger	Ingwer
	porridge	Haferbrei	Brei
	bring to a boil	zum Kochen bringen
	caress (v.)	streicheln	streichen
	shave (v.)	rasieren
	snot	Rotz
	ladder	Leiter
	decayed	verfault
	employ (v.)	engagieren
	sacrifice (v.)	aufopfern
	elder sister	große Schwester
	lie down	liegen
	dodge (v.)	sich drücken
	stoop (v.)	sich biegen
	hanker	Sucht	Vorliebe	-phil	schmachten
	flog	foltern
	summer heat	Sommerhitze
	behold	wahrnehmen
	gamble (v.)	Glücksspiel	wetten
	extravagant	extravagant
	stop up	verstopfen
	boil (v.)	kochen	sieden
	various	verschiedene
	put in storage	Vorrat anlegen
	slaughter	niedermetzeln	metzeln
	add your John Hancock	unterzeichnen
	yam	Kartoffel
	come back	zurückkehren
	sift	durchsieben
	coffin	Sarg
	dad	Vati
	axe	Axt
	bite (v.)	beißen
	sly	listig
	prostrate oneself	sich auf den Bauch legen
	trample	betreten
	tread on	auf etwas herumtrampeln
	hoof	Hufe
	catch (v.)	fangen
	step on	auf etwas treten
	hop (v.)	hüpfen
	slump (v.)	absacken
	urge (v.)	drängen
	kick (v.)	kicken
	impetuous	aufbrausend
	chirping (n.)	zwitschern
	bath	Bad
	algae	Alge
	exercise (n.)	Übung
	parched	ausgedörrt
	leap (v.)	einen Satz machen
	jab (v.)	stochern
	show off (v.)	blenden	scheinen	leuchten	prahlen	prunken
	cunning	durchtrieben
	marrow	Mark
	dirty	schmutzig
	whirlpool	Strudel
	pot	Topf
	snail	Schnecke
	misfortune	Unglück
	footpath	Feldweg
	rift (n.)	Riss
	steep	steil	abschüssig	jäh
	barrier	Barriere
	accompany	begleiten
	tunnel (n.)	Tunnel
	plunge (v.)	fallen	hinabstürzen	herabhängen	Gewicht
	undesirable	ärmlich	dürftig
	dig (v.)	graben	aushöhlen
	kiln	Brennofen	Ofen
	peep (v.)	spähen
	den	Felsenhöhle	Schlupfwinkel
	strait (adj.)	eng
	extract (v.)	auspressen
	poverty-stricken	in der Patsche
	poor	arm	am Ende seiner Mittel
	hollow (n.)	Bau	Nest
	body cavity	Körperhohlraum
	tired	ermüdet
	spiral shell	Schneckenhaus	Spirale
	yarn	Garn
	ample	reichlich	mehr als genug
	acquaint	vertraut machen	bekannt machen	Traditionen übernehmen	ein geistiges Erbe antreten
	long-winded	Watte	redselig
	go around	aufrollen	winden	einen Umweg machen	umgehen	umkreisen
	bind (v.)	binden	zusammenschnüren
	continuous	fortlaufend
	paint (v.)	malen
	web	Geflecht
	silk fabric	Seidenstoff
	down (n.)	Daune
	conclude	einen Vertrag schließen
	purple	violett
	numerous	zahlreich
	spin (v.)	spinnen
	cocoon	Kokon
	wind around	aufspulen	aufwickeln
	delicate	fein	sorgfältig
	fasten	zubinden	zuknöpfen	umbinden	verbinden	festbinden	anbinden	verknoten
	let in	annehmen	Nano-
	disorderly	unordentlich
	shrink (v.)	schrumpfen
	sum up	zusammenfassen
	gentry	Landadel
	reason (n.)	Grund
	inception	Einleitung	Anfang	Beginn
	wring	wringen	auswringen	verzwirnen
	unhurried	ohne Hast	gemächlich
	warm (adj.)	warm
	provide assistance	den Rücken stärken	Beistand leisten
	large rope	Tau
	vibrant	vital
	head-hinge	Hals
	shell out	entrichten	aushändigen
	request the presence of	einladen	jmds. Anwesenheit erbitten
	embroidery	besticken	Stickerei
	edible root	Rübe
	gong	Gong
	make the rounds	Streife gehen
	bamboo basket	Bambuskorb
	barbaric	barbarisch
	neck (n.)	Genick
	plant stem	Stängel
	powerful	kräftig
	trail (n.)	Fußweg
	creek	Bach
	young	jung
	secluded	abgelegen
	wet	feucht
	mysterious	schwer zu verstehen
	livestock	Nutzvieh
	save up	ansammeln
	lead along	an der Leine führen	mit sich ziehen	führen
	bowstring	Bogensehne	Saite
	magnetism	Magnetismus
	nourish	sich vermehren	vermehren	wachsen	nähren
	kindhearted	barmherzig
	deride	auslachen
	luminous	glimmend
	modest	(von einem Kaiser) abdanken	abdanken	bescheiden
	unload	entladen
	imperial	kaiserlich
	withstand	sich zur Wehr setzen
	nest eggs	Nestei	Laich
	hatch (v.)	brüten
	breast	weibliche Brust
	float (v.)	an der Oberfläche schwimmen	mit Auftrieb
	captive	Kriegsgefangener
	minister	Minister
	trade (n.)	Handel
	pomegranate	Granatapfel
	doubt (v.)	zweifeln
	obstruct	Steine in den Weg legen	im Weg stehen	behindern
	congeal	gerinnen
	simulate	simulieren	nachahmen	imitieren
	exquisite	das Klingen aneinanderschlagender Jadestücke	exquisit
	small bell	Glöckchen
	actor	Mime
	mountain range	Gebirgskette
	bucket	Eimer
	read aloud	vortragen
	gush (v.)	sprudeln
	eagerly	aufspringen	hüpfen
	exam paper	Prüfungsbogen
	circle (n.)	Kreis
	roll up	einrollen
	worn out	überdrüssig
	model	Vorbild
	resentment	Groll
	winding (adj.)	gewunden
	wrist	Handgelenk
	tactful	taktvoll	einfühlsam
	bowl	Schüssel
	deceitful	hinterhältig
	kneel	knien
	popular	publik
	reward (n./v.)	vergüten
	pour wine	einschenken
	brutal	cool	brutal
	mellow wine	edler Wein	-anol
	vinegar	Essig
	drunk	betrunken
	unmixed	unvermischt	pur
	emerald green	smaragdgrün
	shattered	zerbrochen	zerschmettert	entzwei
	sour	sauer
	shuttle (n.)	Webschiffchen
	lofty	steil aufragend
	pretty	gutaussehend
	quarrel (n.)	Zank
	thick sauce	Soße	Paste
	just like	gleichsam
	found (v.)	etablieren
	squat (v.)	hocken
	tease (v.)	hänseln
	(rhetorical question)	(rhetorische Frage)
	triumphant	siegreich	triumphierend
	perpendicular	vertikal
	commend	loben
	giggling	Gekicher
	alliance	Bündnis
	Mencius	Menzius
	fierce	ungestüm
	flourishing	in voller Blüte
	small cup	kleiner Becher
	small box	Schachtel	Kassette
	master thief	Meisterdieb
	swing (v.)	schaukeln	hin und her schwingen	schwingen	sich schwingen
	calm (adj.)	seelenruhig
	replete	prall gefüllt
	basin	Becken
	trophy	Pokal
	amass	umfassen
	indiscriminate	ausschweifend
	probe (v.)	begutachten
	abashed	peinlich berührt
	embarrassed	verlegen sein
	toss (v.)	schleudern
	indulge in	verzögern	für etwas schwärmen	sich etwas gönnen
	pillow	Kopfkissen
	view (v.)	ansehen
	take on	an sich ziehen
	cable (n.)	Kabel
	ruthless	rücksichtslos	unbarmherzig	schonungslos
	hate (v.)	hassen
	upper crust	Oberschicht	Adelstitel
	chew (v.)	kauen
	wholeheartedly	ernstlich
	reclaim	urbar machen	Neuland gewinnen
	leopard	Leopard
	cat	Katze
	mien	Gesichtszüge	äußere Gestalt	Erscheinung
	lucent	laut und deutlich
	wolf	Wolf
	starving	ausgehungert
	spare (v.)	begnadigen
	ornaments	Schmuck
	beverage	Getränk
	eat away	zerfressen
	sated	gesättigt
	bread	Dampfbrötchen	Brot
	cookie	Keks
	dumpling	Maultasche
	hungry	hungrig
	submerge	untertauchen
	silkworm	Seidenraupe
	irrigate	bewässern
	incensed	empört
	duckweed	Wasserlinse
	scale (n.)	Waage
	confuse	verwechseln
	Chinese mugwort	Chinesischer Beifuß
	Good grief!	Au weia!
	pull out	herausreißen	ausrupfen
	climb (v.)	klettern
	stockpile (v.)	einlagern
	pause (n./v.)	Pause
	ton	Tonne
	unadulterated	pur
	fall due	fällig werden
	teeth	Beißer
	shows	Schauen	Schau	Show	Shows
	length of service	Dienstjahr
	turbulent	stürmisch
	fence	Zaun
	crime	Untat
	butcher (v.)	schlachten
	differentiate	differenzieren
	braid (n.)	Zopf
	arm (n.)	Arm
	split (v.)	spalten
	analogy	Gleichnis
	out-of-the-way	entlegen
	translate	übersetzen
	select (v.)	auswählen
	swamp (n.)	Sumpf
	pad (n./v.)	Polster
	earnest	lauter	aufrichtig	ehrlich
	entangle	sich verwickeln	sich verstricken
	bully (v.)	schikanieren
	water caltrop	Wassernuss
	mausoleum	Mausoleum
	cough (v.)	husten
	brake (v.)	bremsen
	cry out	grölen
	brew (v.)	brauen
	stronghold	Grenzfestung	Bollwerk
	stockade	Lattenzaun	Palisade	Gatter
	constitution	Verfassungstext
	sunny	wolkenlos-heiter
	guess	raten	vermuten
	pacify	befrieden
	debt	Schulden
	remains	Überbleibsel	Überrest	Ruine	Spur	Fährte	Anzeichen
	domestic animal	Haustier
	impressive	erhaben	furios	reichlich
	fishy smell	Fischgeruch
	orangutan	Orang-Utan
	awaken	erwachen
	visionless	blind	blindlings
	administer	verwalten
	contract (n.)	Vertrag
	adore	anhimmeln
	spotless	blitzeblank	makellos
	bee	Biene
	peak (n.)	Gipfel
	cutting edge	Schneide
	chance upon	jemanden treffen
	disheveled	zerzaust
	sew	nähen
	play an instrument	ein Instrument spielen	ein Musikstück vortragen
	gather together	zusammentragen
	Qin	Qin
	foolish	einfältig
	carry in both hands	mit beiden Händen tragen
	sigh (v.)	seufzen
	arduous	beschwerlich
	beach (n.)	Strand
	complete (v.)	vollenden	beenden
	saliva	Speichel
	recite	rezitieren
	greedy	gierig
	stringed instrument	Saiteninstrument
	chestnut	Kastanie
	deep pool	tiefer Teich	Tümpel
	resituate	umziehen
	overturn	umkippen
	flutter (v.)	flattern
	boss (n.)	Chef	Boss
	broad	luxuriös	breit
	close (v.)	zumachen
	moisten	befeuchten
	cabinet	Kabinett
	put aside	beiseite schieben
	explicate	erläutern
	peruse	durchlesen
	stuffy	stickig
	flash (v.)	Blitz
	valve	Ventil
	floodgate	Schleusentor
	repudiate	widerlegen	zurückweisen	ablehnen
	ash-colored	grau	aschfahl
	rob	rauben	entreißen
	humble (adj.)	gering
	lifetime	Lebenszeit
	sad	bekümmert
	irresolute	zaudern
	annihilate	ausrotten	vernichten
	bamboo slip	Los	Bambusstreifen	Bambusstreifen als Los
	fiber	Faser
	gullet	Schlund
	monkey	Affe
	Korea	Korea
	disobey	zuwiderhandeln
	latitude	Breitengrad
	pole	Stange
	rarely	rar
	veranda	Veranda	Balkon
	liver	Leber
	publication	Veröffentlichung
	sweat (n.)	Schweiß
	shaft	Schaft
	bold	kühn
	slowly	geruhsam	gemächlich
	recount (v.)	erzählen	berichten	darstellen	dartun
	smear (v.)	beschmieren	bestreichen
	slanting	schief
	flared horn	Fanfare
	hack (v.)	krampfhaft husten	ähä-ähä-ähä
	rely on	angewiesen sein auf
	lazy	faul
	tender (adj.)	grazil	grün hinter den Ohren
	refine	raffinieren
	chain (n.)	Kette
	swollen	geschwollen	Schwellung
	director	Vorstandsmitglied
	draw together	konzentriert	(seine Gefühle, Zuneigung usw.) auf etw. konzentrieren	Becher	Schälchen	Kelch
	phlegm	Auswurf	Schleim
	disease	Krankheit
	hurt (v.)	wehtun
	get well	genesen	geheilt
	epidemic	Epidemie
	cancer	Krebs
	fatigued	ausgelaugt
	rapid	rapide
	idiotic	idiotisch
	tumor	Geschwulst
	trace (n.)	Spur	Narbe
	itch (v.)	jucken
	paralysis	Lähmung
	sore (n.)	Geschwür
	stable (adj.)	stabil
	hidden	versteckt
	addiction	Sucht
	gigantic	gigantisch
	canal	Kanal
	refuse (v.)	ablehnen	zurückweisen	verweigern	sich widersetzen
	square (n.)	Tischlerwinkel	Anschlagwinkel	Drehmoment
	distance	Distanz		Abstand
	rectangular frame	rechteckiger Rahmen
	rectangular basket	rechteckiger Korb
	smash (v.)	zerschlagen
	converge	zusammenfließen
	artisan	Handwerker
	bandit	Bandit
	keep out of sight	verbergen
	pocket	Tasche
	vomit (v.)	sich übergeben
	hit (v.)	tätlich werden
	human body	menschlicher Körper
	hold one‘s head high	den Kopf heben	das Kinn recken
	curb (v.)	zügeln	zäumen
	large-flowered plants	Pflanze mit großen Blüten
	coworker	Kollege
	far away	weit entfernt	Liao-Dynastie
	comprehend	verstehen	erkennen	überblicken	überschauen	von einer Höhe aus in die Ferne sehen
	cure (v.)	heilen
	glare (v.)	die Augen aufreißen
	bench	Sitzbank
	transparent	transparent
	splash (v.)	besprengen
	allocate	zuteilen	zuweisen
	fir tree	Tanne	Fichte
	well-mannered	galant
	shirt	Hemd
	manifest (adj.)	offenkundig
	puffy	voluminös	geschwollen	aufgebläht
	take advantage of	nutzen
	diagnose	diagnostizieren
	seep	sickern
	gum	Gummi
	wrong (adj.)	absurd	unsinnig	abwegig
	deserted	leerstehend
	speck	Fleck
	design (n.)	dekoratives Muster	Verzierung	Maserung
	small shovel	Schippe
	Samoa	Samoa	Sa(bine)
	backbone	Wirbelsäule
	letter	Brief
	culvert	Durchlass
	reflect	widerspiegeln
	calamity	Unheil
	plump	fett
	crawl (v.)	kriechen
	scar (n.)	Narbe
	gorgeous	farbenprächtig	prächtig	wunderschön	knallbunt	grell	amourös	Liebes-
	sugary	zuckrig
	pliers	Zange
	matchmaker	Ehevermittler
	coal	Kohle
	scheme (v.)	aushecken	Strategem
	chess	Schach
	dupe (v.)	hinters Licht führen
	flag (n.)	Flagge
	hoarse	heiser
	rip (v.)	reißen
	tolerate	ertragen
	survey (v.)	kollationieren	sichten
	dispatch (v.)	entsenden
	censure (v.)	rügen
	sack (n.)	Sack
	burst (v.)	bersten	durchbrechen
	cupboard	Spind	Kabinett	Truhe
	fitting (adj.)	passend	geeignet	geziemend
	friendship	Freundschaft
	rent (n./v.)	mieten
	coarse	grobkörnig
	block (v.)	blockieren
	heap (v.)	aufeinanderschichten	aufschichten
	baseball base	mauern	Baseball-Mal
	hoe (n./v.)	Hacke
	thicket	Dickicht
	plain (adj.)	schlicht
	pounce on	sich stürzen auf
	servant	Diener
	musical score	Noten
	fool (v.)	übertölpeln
	deluge	Hochwasser	Flut
	warm by a fire	etwas am Feuer wärmen
	respectful	respektvoll
	arch (n./v.)	sich wölben
	violent	rabiat	jähzornig
	waterfall	Wasserfall
	explode	explodieren
	ceremonial hall	Tempelhalle	Palasthalle	Zeremonienhalle
	have on	aufsetzen	aufhaben
	wings	Flügel
	dung	Dung	Jauche	Mist
	compose	verfassen
	mute (adj.)	stumm
	kettle	Kanne
	crab (n.)	Krabbe
	lax	schlaff
	purchase (v.)	anschaffen	ankaufen	kaufen
	ditch (n.)	Graben
	key	Schlüssel
	plead	appellieren
	Vol.	Buchband	Bd.
	delete	wegstreichen
	palisade	Gatter
	coral	Koralle
	everywhere	überall
	partial	parteiisch
	sink (v.)	versinken	untergehen
	human relationships	zwischenmenschliche Beziehungen	zwischenmenschliche Verpflichtungen
	resist	widerstehen
	hoodlum	Gauner
	breastfeed	säugen
	shop (n.)	Geschäft
	supplement (v.)	helfen	beistehen	assistieren	unterstützen	ergänzen
	capture	fassen
	apply	auftragen
	river mouth	Flussmündung
	cattail	Rohrkolben
	slight (adj.)	mager
	register (n.)	Verzeichnis	Rechnungsbuch	Registerband
	mentor	Meister	Mentor
	bind fast	binden	festbinden	fesseln	vertäuen
	outer walls	äußere Stadtmauer
	limitless	Kontur	unbeschränkt
	despicable	verachten	geringschätzen	gemein
	Jerusalem	Jerusalem
	grandfather	Großvater
	outskirts	Vorort
	nation	Nation
	truss (v.)	zusammenbinden	fesseln
	post (v.)	in die Post tun
	Deng	Deng
	hurl	schmeißen
	hallway	Korridor
	hug (v.)	umgeben
	satin	Satin
	wily	verschlagen
	hold in the mouth	etw. mit den Zähnen halten	im Mund halten
	ardent	leidenschaftlich
	longevity	langes Leben
	large waves	Brandung
	cast (v.)	Metall gießen
	pray	beten
	make arrangements	Vorkehrungen treffen	Jeton
	attend to	aufwarten	bedienen
	rear (v.)	füttern	aufziehen	heranziehen
	liner	Ozeandampfer
	navigate	navigieren
	light boat	leichtes Boot
	warship	Kriegsschiff
	ship‘s cabin	Kabine
	along (prep.)	entlang
	lead (n.)	Blei
	fox	Fuchs
	petal	Blütenblatt
	brim over	überlaufen
	spare time	Muße	freie Zeit
	red sky	Morgen- oder Abendrot
	oxygen	Sauerstoff
	atmosphere	Atmosphäre
	chlorine	Chlor
	hydrogen	Wasserstoff
	strengthen	festigen	konsolidieren
	tyrant	Tyrann
	dam (n.)	Damm
	tighten	straffziehen	zuschnüren	zubinden
	bow respectfully	sich verneigen
	boots	Stiefel
	whip (n./v.)	Peitsche
	sprout (n.)	Spross
	surprised	verblüfft
	prop up	abstützen	stützen
	polished	vornehm	ordentlich	normgerecht
	wicked	übel
	of great depth	unergründlich	von tiefer Bedeutung
	deep inlet	tiefe Bucht	Förde
	remorseful	zerknirscht
	be informed	all	ganz	vollständig	kennen
	pilfer	stehlen
	painstaking	eingehend
	auntie	Tantchen
	blanket (n.)	Zudecke	Bettdecke
	milli-	Milli-
	consume	verbrauchen
	till (v.)	bewirtschaften	beackern
	records	Aufzeichnungen
	excuse (n.)	Ausrede
	hold up	etw. auf der flachen Hand tragen
	be afraid of	bangen
	Hello…	Hallo
	bloated	aufgebläht
	tent	Zelt
	IV	IV
	beard	Bart
	loose	locker	lose	wackelig	lockern
	roc	Roch
	twitter (v.)	zwitschern
	swan	Schwan
	pigeon	Taube
	crane	Kranich
	oriole	Pirol
	magpie	Elster
	gull	Möwe
	raven	Rabe
	goose	Gans
	crow	Krähe
	zoom-zoom	tuten
	pound with a pestle	zerstößeln
	residence	Wohnsitz
	pea-brained	blöde
	by chance	zufällig
	stern	streng	strikt	rigoros	unnachsichtig
	encourage	ermuntern	anspornen	aneifern
	steel	Stahl
	hillock	Anhöhe
	guidelines	Leitlinie
	go against	widerstreben	zuwiderlaufen
	go upstream	stromaufwärts fahren
	plastic (n.)	Plastik
	vat	Bottich
	jar	Krug
	depressed	deprimiert
	salt (n.)	Salz
	salty	salzig	gesalzen
	draw out	herausholen
	wash in a container	in einem Behälter waschen
	pottery	Töpferwaren
	rumor	Gerücht
	injustice	Ungerechtigkeit
	gluttonous	gefräßig
	tow (v.)	ziehen	aufrollen
	strive	sich bemühen
	rubber tree	Kautschukbaum	Eiche
	pleased	erfreut	freudig	gemütlich
	take flight	emporsteigen
	numeral	Nummernbezeichnung	Numerale
	tame (adj./v.)	zähmen
	Mary	Marie	Matteo
	be stationed	stationiert sein
	arrogant	arrogant
	gallop (v.)	galoppieren
	leech-hopper	Gras-Egel
	proof	Beleg
	maneuver (v.)	steuern
	disturb	stören
	drive (v.)	lenken
	mule	Maultier
	refute	widerlegen
	rush (v.)	stürmen
	drive away	vertreiben	ausweisen
	cheat (v.)	lügen	täuschen	beschwindeln
	trot (v.)	traben
	hand over	etwas übergeben
	take captive	gefangennehmen
	despotic	despotisch
	skin (n.)	Haut
	Louvre	Louvre
	stove	Kochstelle
	reeds	Schilf
	donkey	Esel
	loss	Einbuße
	filthy	schmutzig	dreckig
	stunned	erstaunt
	brag	prahlen	aufbauschen
	collapse (v.)	zusammenbrechen
	straddle (v.)	schreiten	ausschreiten	mit gespreizten Beinen dastehen	rittlings sitzen
	donate	widmen	beitragen
	melt	schmelzen
	separate (v.)	trennen
	filter (v.)	filtern
	celebrate	feiern
	recommend	empfehlen
	outstanding	außerordentlicher Mensch	außergewöhnlicher Mensch	Held	Heros	überragend	außergewöhnlich	hervorragend
	instant	Augenblick
	Chinese unicorn	Chinesisches Einhorn
	pity (v.)	bemitleiden
	neighbor	Nachbar
	bask	sich sonnen
	spill (v.)	verschütten
	cease	aufhören
	put in order	Pendel	ausstellen	herzeigen	herausstellen
	lips	Lippe
	disgrace (n./v.)	Schande
	quake (v.)	beben
	vibrate	vibrieren
	vigor	Energie	Vitalität	Elan
	scholar tree	Japanischer Schnurbaum
	enchant	verhexen	verzaubernd	charismatisch
	marvelous	wunderbar	wunderschön
	soul	Seele
	ashamed	beschämt
	leader	Anführer
	ugly	hässlich	scheußlich	garstig	unansehnlich	abscheulich
	raised path between fields	Feldrain
	dote on	verwöhnen
	huge	kolossal
	draw near	sich nähern
	deaf	taub
	cage (n.)	Käfig	Korb	Topfaufsatz zum Dämpfen
	insert (v.)	hineinstecken
	ruin (v.)	ruinieren
	mother‘s brother	Bruder der Mutter
	stake (n.)	Pflock
	bore a hole	meißeln	ein Loch bohren
	mouse	Maus
	scurry	davonlaufen
	dried meat	Pökelfleisch
	wax (n.)	Wachs
	hunt (v.)	jagen
	vessels	Wasserfahrzeug
	elder brother‘s wife	Frau des älteren Bruders
	emaciated	abgemagert	abgezehrt
	search (v.)	durchsuchen
	unhulled rice	ungeschälter Reis
	tread (v.)	betreten	schreiten	stampfen	aufstampfen
	surging	durchfluten	Wellen schlagend
	get stuck	steckenbleiben
	flame (n.)	Flamme
	filling	Füllung
	vehicles	Fahrzeug
	dissemble	verheimlichen	verschweigen	für sich behalten
	frank (adj.)	offenherzig
	embellish	verzieren
	bump (v.)	zusammenprallen
	transfer (v.)	verrücken	rücken	verlegen
	charge falsely	falsch beschuldigen	verleumden
	reputation	Ansehen
	islet	Inselchen
	thick-headed	töricht
	brick	Ziegel	Backstein
	favor (n.)	Gefälligkeit	Gunst
	ear of grain	Ähre
	expansive	großräumig	ausgedehnt
	mine (n.)	Bergwerk
	enlarge	vergrößern
	smart	klug	hellhörig
	onion	Zwiebel
	gall bladder	Gallenblase
	look upward	nach oben schauen
	cuddle	in die Arme nehmen	umschlingen
	time and again	immer wieder
	turbid	trübe
	candle	Kerze
	touch (v.)	berühren
	admonish	ermahnen
	railing	Geländer
	impede	aufhalten
	tracks	Fußabdruck	Spur	Fußspur
	shrug (v.)	mit den Achseln zucken
KARTE	pharmaceutical (n.)	Pharmazeutikum
KARTE	abstain from food	fasten
KARTE	squeeze (v.)	pressen
KARTE	push button (n.)	Knopf	Schaltfläche
KARTE	shy	schüchtern
KARTE	New York	New York
KARTE	spleen	Milz
KARTE	beer	Bier
KARTE	stele	Stele	Denkmal
	illustrious	prominent
	terrify	einen Schrecken einjagen	erschrecken
	radiating vitality	Kraft und Energie ausstrahlen	frisch und munter
	indication	Anzeichen	Spur	Fährte
	phraseology	Ausdrucksweise
	tortoise	Schildkröte
	rope (n.)	Seil
	flies	Fliege
	butterfly (front end)	Schmetterling (Vorderteil)
	butterfly (back end)	Schmetterling (Hinterteil)
	spider (front end)	Spinne (Vorderteil)
	spider (back end)	Spinne (Hinterteil)
	camel (front end)	Kamel (Vorderteil)
	camel (back end)	Kamel (Hinterteil)
	dragonfly (front end)	Libelle (Vorderteil)
	dragonfly (back end)	Libelle (Hinterteil)
	male phoenix	Phönix (männlich)
	female phoenix	Phönix (weiblich)
	olive (A)	Olive (A)
	olive (B)	Olive (B)
	glass (front side)	Glas (Vorderseite)
	glass (back side)	Glas (Rückseite)
	coffee (first drop)	Kaffee (erster Tropfen)	Kaffee (erste Tasse)
	coffee (last drop)	Kaffee (letzter Tropfen)	Kaffee (zweite Tasse)
	grapes (A)	Weintraube (A)
	grapes (B)	Weintraube (B)
	in-	an-	in-
	-struct	-weisen	-struieren
	ping	Ping
	pong	Pong
	Cui	Cui
	Cao	Cao
	Liu	Liu
	Pan	Pan
	Liang	Liang
	Shen	Shen
	Zheng	Zheng
	Tam	Tam
	Zhao	Zhao
	Yao-2	Yao-2
	Lu	Lu
	Jiang-2	Jiang-2
	Fan	Fan
	Xue	Xue
	Tu	Tu
	Peng	Peng
	Yu-2	Yu-2
	Feng	Feng
	Wei	Wei
	Yue	Yue
	as though	es scheint etw. zu sein	ähnlich	ziemlich gleich
	jasmine	Jasmin
	Hunan Province	Provinz Hunan
	outlying areas	Außenbezirke	Umland
	dark blue	dunkelblau
	reverent	ehrerbietig
	na	na	Anna
	fine jade	feine Jade
	gem	Kleinod
	30 catties	30 Pfund
	Oh!	Oha!
	cannon	Kanone	Geschütz	Kanonenschuss	Feuerwerk	Knallfrosch
	search for	Frühlingsjagd	sammeln
	hibiscus	Hibiskus	Eibisch	Hibiskus (A)
	cottonrose hibiscus	Mandeleibisch	Hibiskus (B)
	tricks of the trade	Kniff	Trick	Kunstgriff	Reimspruch							訣	-
	titanium	Titan										鈦	-
	hemorrhoids	Hämorrhoiden
	Biang	Biang
	xun	räuchern
	shang	Tageszeit	Abschnitt des Tages
淌	tǎng	rinnen	triefen
苟	gǒu	fahrlässig
瑣	suǒ	trivial
鏈	liàn	Kette
胳	gē	obere Extremität
炕	kàng	Kang	beheiztes Ziegelbett
墩	dūn	Erdhaufen
襖	ǎo	gefütterte Jacke	gefütterte Joppe
黯	àn	düster
淤	yū	Schlick	Schlamm
雌	cí	weiblich
愣	lèng	verdutzt
捎	shāo	überbringen
擰	nǐng	schrauben	winden	wringen
搓	cuō	mit den Händen reiben	rubbeln
梗	gěng	Stängel	Stiel	Strunk
怡	yí	heiter
峭	qiào	abschüssig
嗡	wēng	summen	Schwirren
熔	róng	schmelzen	verschmelzen
蔓	wàn	Ranke
粱	liáng	feine Hirse
憋	biē	unterdrücken
屜	tì	Schublade
凜	lǐn	frostig
浙	Zhè	Provinz Zhejiang
挎	kuà	am Arm tragen
姥	lǎo	Großmutter mütterlicherseits
陕	Shǎn	Provinz Shaanxi
稜	léng	Kante
繃	bēng	straffen	strammziehen
縷	lǚ	Strähne
絹	juàn	feste Seide
扼	è	würgen
櫥	chú	Schrank
盔	kuī	Helm
磕	kē	anstoßen
镶	xiāng	einlegen	einsetzen	einfassen
疇	chóu	die Flur
篷	péng	Plane
豁	huō	Lücke
澗	jiàn	Klamm
嵌	qiàn	etw. mit Intarsien versehen	einlegen
膊	bó	obere Extremität
舵	duò	Steuerruder
鈣	gài	Kalzium
隘	ài	Pass	Engpass
氨	ān	Ammoniak
唬	hǔ	bluffen
朧	lóng	Erscheinung des Mondes	diesig
蘑	mó	Pilz (Kappe)
菇	gū	Pilz (Stiel)
