one,一,True,eins,,
two,二,True,zwei,,
three,三,True,drei,,
four,四,True,vier,,
five,五,True,fünf,,
six,六,True,sechs,,
seven,七,True,sieben,,
eight,八,True,acht,,
nine,九,True,neun,,
ten,十,True,zehn,,
mouth,口,True,Mund,,
day,日,True,Tag,,
month,月,True,Monat,,
rice field,田,False,Reisfeld,,
eye,目,False,Auge,,
ancient,古,False,altertümlich,,
recklessly,胡,False,leichtsinnig,,
I (literary),吾,False,ich (literarisch),,
companion,朋,False,Gefährte,,
bright,明,False,hell,,
goods,品,False,Ware,,
sparkling,晶,False,funkelnd,,
prosperous,昌,False,gedeihend,,
sing,唱,False,singen,,
early,早,False,früh,,
rising sun,旭,False,aufgehende Sonne,,
generation,世,False,Generation,,
stomach,胃,True,Magen,,
daybreak,旦,False,Tagesanbruch,,
concave,凹,True,konkav,,
convex,凸,True,konvex,,
oneself,自,False,selber,,
white,白,True,weiß,,
hundred,百,True,hundert,,
soap,皂,True,Seife,,
middle (n./adj.),中,False,Mitte,,
thousand,千,True,tausend,,
tongue,舌,True,Zunge,,
liter,升,True,Liter,,
rise up,昇,False,aufsteigen,,
pill,丸,False,Pille,,
divination,卜,False,Weissagung,,
tell fortunes,占,False,wahrsagen,,
above,上,True,oben,,
below,下,True,unten,,
card,卡,True,Karte,,
eminent,卓,False,hervorragend,,
dynasty,朝,False,Dynastie,,
ridicule (v.),嘲,False,verhöhnen,,
only,只,False,nur,,
shellfish,貝,True,Schalentier,,
paste (v.),貼,False,aufkleben,,
chaste,貞,False,keusch,,
employee,員,False,Mitglied,,
see,見,False,sehen,,
beginning,元,False,Ursprung,,
page,頁,False,Buchseite,,
stubborn,頑,False,starrköpfig,,
ordinary,凡,False,gewöhnlich,,
muscle,肌,True,Muskel,,
defeated,負,False,Belastung,,
uniform (adj.),勻,False,gleichmäßig,,
sentence (n.),句,False,Satz,,
decameron,旬,False,Zeitraum von zehn Tagen,,
ladle,勺,False,Schöpflöffel,,
bull‘s eye,的,False,das „Schwarze“,,
heads,首,False,Haupt,,
straight,直,False,gerade,,
set up,置,False,installieren,,
tool,具,False,Werkzeug,,
False,真,False,wahr,,
work (n.),工,False,Arbeit,,
left (n./adj.),左,True,links,,
right (n./adj.),右,True,rechts,,
possess,有,False,besitzen,,
bribe (n.),賄,False,bestechen,,
tribute,貢,False,Tribut,,
item,項,False,Punkt einer Gliederung,,
sword,刀,False,Messer,,
blade,刃,False,Klinge,,
cut (v.),切,False,schneiden,,
summon,召,False,herbeizitieren,,
evident,昭,False,evident,,
rule (n.),則,False,Regel,,
vice-,副,False,Vize-,,
fourth,丁,False,viertens,,
sting (v.),叮,False,stechen,,
can (aux. v.),可,False,können,,
older brother,哥,False,großer Bruder,,
crest (n.),頂,False,Scheitelpunkt,,
second (adj.),乙,False,zweitens,,
child,子,True,Kind,,
cavity,孔,False,Aushöhlung,,
roar (v.),吼,False,brüllen,,
-ed,了,False,(Perfek)-t,,
woman,女,True,Frau,,
good,好,True,gut,,
be like,如,False,so wie,,
mother,母,False,Mutter,,
pierce,貫,False,durchbohren,,
elder brother,兄,False,älterer Bruder,,
overcome (v.),克,False,überwinden,,
small,小,True,klein,,
few,少,True,wenig,,
noisy,吵,False,lärmend,,
large,大,True,groß,,
tip (n.),尖,False,Spitze,,
evening,夕,False,Tagesende,,
many,多,True,viel,,
enough,夠,True,genug,,
outside,外,True,draußen,,
name (n.),名,True,Name,,
thick,厚,False,dick,,
stone,石,True,Stein,,
gravel,砂,True,Kies,,
wonderful,妙,False,wundervoll,,
resemble,肖,False,ähneln,,
peel (v.),削,False,schälen,,
ray,光,False,Licht,,
overly,太,True,allzu,,
economize,省,True,sparen,,
strange,奇,False,seltsam,,
stream (n.),川,False,Fluss,,
state (n.),州,True,Bundesstaat,,
obey,順,False,befolgen,,
water (n.),水,True,Wasser,,
eternity,永,True,Ewigkeit,,
request (v.),求,False,nach etw. verlangen,,
spring (n.),泉,False,Springquelle,,
flatlands,原,False,Flachland,,
wish (n.),願,False,Wunsch,,
wash away,沖,False,spülen,,
swim (v.),泳,False,schwimmen,,
continent,洲,True,Kontinent,,
marsh,沼,False,Morast,,
sand (n.),沙,True,Sand,,
Yangtze,江,True,Yangtse,,
juice (n.),汁,True,Saft,,
tide,潮,True,Gezeiten,,
source,源,False,Quelle,,
lively,活,False,lebendig,,
extinguish,消,False,tilgen,,
situation,況,False,Situation,,
river,河,False,Strom,,
lake,湖,True,See,,
fathom (v.),測,False,vermessen,,
soil (n.),土,True,Erde,,
equal,均,False,gleich,,
belly,肚,True,Bauch,,
fill in,填,True,ausfüllen,,
spit (v.),吐,True,spucken,,
waaah!,哇,False,Uäääh!,,
Chinese inch,寸,True,chinesisches Zoll,,
seal (v.),封,False,versiegeln,,
Buddhist temple,寺,False,buddhistischer Tempel,,
time (n.),時,True,Zeit,,
fire (n.),火,True,Feuer,,
ashes,灰,True,Asche,,
vexed (adj.),煩,False,verdrossen,,
inflammation,炎,True,Entzündung,,
thin (adj.),淡,False,wässrig,,
disaster,災,True,Katastrophe,,
illuminate,照,True,beleuchten,,
fish (n.),魚,True,Fisch,,
fishing (n.),漁,True,Fischfang,,
Yao,堯,True,Kaiser Yao,,
fever,燒,True,Fieber,,
dawn (n.),曉,True,Morgendämmerung,,
li,里,True,Li,,
quantity,量,False,Menge,,
bury,埋,False,vergraben,,
black,黑,True,schwarz,,
spot (n.),點,True,Punkt,,
black ink,墨,True,schwarze Tusche,,
risk (v.),冒,True,riskieren,,
same,同,True,identisch,,
cave,洞,True,Grotte,,
orientation,向,False,Ausrichtung,,
esteem (v.),尚,False,wertschätzen,,
character,字,True,Schriftzeichen,,
guard (v.),守,False,bewachen,,
finish (v.),完,False,vollenden,,
reality,實,False,Wirklichkeit,,
proclaim,宣,False,verkünden,,
nighttime,宵,False,in den Puppen,,
peaceful,安,False,friedlich,,
banquet,宴,True,Bankett,,
mail (v.),寄,False,verschicken,,
wealthy,富,False,reich,,
store up,貯,False,aufbewahren,,
tree,木,True,Holz,,
woods,林,True,Forst,,
forest,森,True,Wald,,
plant (v.),植,False,pflanzen,,
apricot,杏,True,Aprikose,,
dim-witted,呆,False,dumm,,
withered,枯,False,verdorrt,,
village,村,True,Dorf,,
one another,相,False,einander,,
notebook,本,False,Schreibheft,,
case,案,True,Rechtsfall,,
not yet,未,False,noch nicht,,
last (n./adj.),末,False,letzter,,
foam,沫,True,Schaum,,
flavor (n.),味,False,Geschmack,,
younger sister,妹,False,jüngere Schwester,,
investigate,查,False,nachsehen,nachschlagen,
sediment,渣,False,Bodensatz,,
dye (v.),染,False,färben,,
plum,李,True,Pflaume,,
table,桌,True,Tisch,,
as if,若,False,als ob,,
grass,草,True,Gras,,
suffering (n.),苦,False,bitter,,
wide,寬,False,weiträumig,,
leaf,葉,True,Blatt,,
nobody,莫,False,niemand,,
imitate,模,False,nachahmen,,
desert (n.),漠,True,Wüste,,
grave,墓,False,Grab,,
seedling,苗,False,Setzling,,
aim (v.),瞄,False,zielen,,
portent,兆,False,Vorzeichen,,
peach,桃,True,Pfirsich,,
pooch,犬,False,Hündchen,,
remarkable,尤,False,besonders,,
silent,默,False,still,,
sort of thing,然,False,-artig,,
cry (v.),哭,False,weinen,,
utensil,器,False,Gerät,,
stinking (adj.),臭,False,stinkend,,
dog,狗,True,Hund,,
detest,厭,False,verabscheuen,,
pressure (n.),壓,False,Druck,,
cow,牛,True,Kuh,,
special (adj.),特,False,speziell,,
declare,告,False,mitteilen,,
vast,浩,False,gewaltig,,
before,先,False,voraus,,
wash (v.),洗,False,waschen,,
introduce,介,False,einführen,,
world,界,False,Welt,,
tea,茶,True,Tee,,
meeting,會,False,Zusammenkunft,,
fit (v.),合,False,passen,,
ha!,哈,False,Ha!,,
pagoda,塔,True,Pagode,,
king,王,True,König,,
jade,玉,True,Jade,,
ball,球,False,Ball,,
present (adj.),現,False,gegenwärtig,,
play (v.),玩,False,spielen,,
crazy,狂,False,verrückt,,
emperor,皇,False,Kaiser,,
resplendent,煌,False,strahlend,,
submit,呈,False,einreichen,,
whole,全,False,ganz,,
logic,理,True,Logik,,
lord,主,False,Herr,,
pour,注,True,eingießen,,
gold,金,True,Gold,,
copper,銅,True,Kupfer,,
go fishin‘,釣,False,angeln,,
needle (n.),針,True,Nadel,,
nail (n.),釘,True,Nagel,,
inscription,銘,True,Inschrift,,
at ease,鎮,False,gelassen,,
way,道,False,Weg,,
guide (v.),導,False,leiten,führen,
speedy,迅,False,rasch,,
create,造,False,erschaffen,,
patrol (v.),巡,False,patrouillieren,,
stroll (v.),逛,False,einen Bummel machen,,
car,車,True,Wagen,,
one after another,連,True,aufeinanderfolgend,,
lotus,蓮,True,Lotus,,
in front,前,True,vor,,
shears,剪,True,Schere,,
transport (v.),輸,False,transportieren,,
exceed,逾,False,überschreiten,,
each,各,False,je,,
pattern,格,False,Muster,,
guest,客,False,Gast,,
forehead,額,False,Stirn,,
summer,夏,True,Sommer,,
L.A.,洛,True,Los Angeles,,
fall (v.),落,True,landen,,
superfluous,冗,False,überflüssig,,
profound,沉,False,tiefgründig,,
army,軍,False,Armee,,
radiance,輝,False,(Licht-)glanz,,
carry,運,False,überbringen,befördern,
crown (n.),冠,True,Krone,,
dream (n.),夢,True,Traum,,
pit (n.),坑,False,Grube,,
tall,高,False,hoch,,
enjoy,享,False,genießen,,
ripe,熟,False,reif,,
pavilion,亭,True,Pavillon,,
shiny,亮,False,leuchtend,,
capital,京,False,Hauptstadt,,
cool,涼,False,kühl,,
scenery,景,False,Landschaft,,
at once,就,False,sofort,,
circumference,周,False,Umfang,,
week,週,True,Woche,,
soldier,士,False,Soldat,,
lucky,吉,False,glücksbringend,,
buy (v.),買,True,kaufen,,
sell,賣,True,verkaufen,,
book (n.),書,True,Buch,,
drawing (n.),畫,False,Zeichnung,,
scratch (v.),劃,False,ritzen,,
attack (v.),攻,False,angreifen,,
fail,敗,False,scheitern,,
deliberately,故,False,absichtlich,,
rescue (v.),救,False,retten,,
revere,敬,False,verehren,,
spacious,敞,False,geräumig,,
say,言,False,sagen,,
police (n.),警,True,Polizei,,
plan (n.),計,False,Plan,,
prison,獄,False,Gefängnis,,
condemn,討,True,anprangern,,
instruction,訓,False,Unterweisung,,
talk (n.),話,False,Rede,,
poem,詩,False,Gedicht,,
language,語,False,Sprache,,
read (v.),讀,False,lesen,,
tune (n.),調,False,Melodie,,
discuss,談,False,diskutieren,,
this,這,False,dieses,,
style (n.),式,False,Stil,,
test (n./v.),試,False,probieren,,
halberd,戈,True,Hellebarde,,
or,或,False,oder,,
burglar,賊,False,Dieb,,
laden,載,False,beladen,,
iron (n.),鐵,True,Eisen,,
lush,茂,False,üppig,,
turn into,成,False,werden zu,,
city,城,True,Stadt,,
sincere,誠,True,Aufrichtigkeit,,
might (n.),威,False,Macht,,
destroy,滅,False,vernichten,,
everybody,咸,False,alle,,
reduce,減,False,reduzieren,,
list (n.),單,True,Liste,,
war (n.),戰,True,Krieg,,
coin (n.),錢,True,Münze,,
shallow,淺,False,seicht,,
cheap,賤,False,billig,,
stop (v.),止,False,stoppen,,
footstep,步,False,Schritt,,
ford (v.),涉,False,durchwaten,,
repeatedly,頻,False,wiederholt,,
agree,肯,False,einverstanden sein,,
look forward to,企,True,auf Zehenspitzen stehen,ersehnen,
years of age,歲,True,Lebensjahr,,
military (adj.),武,False,militärisch,,
levy (n.),賦,False,Besteuerung,,
correct (v./adj.),正,False,korrekt,,
politics,政,False,Politik,,
settle on,定,False,beschließen,,
walk (v.),走,False,laufen,,
transcend,超,False,super-,,
surpass,越,False,übertreffen,je mehr … desto …,
be,是,False,sein,,
topic,題,False,Thema,,
build,建,False,bauen,,
prolong,延,False,verlängern,,
nativity,誕,False,Geburt,,
clear (adj.),楚,False,klar,,
foundation,礎,False,Fundament,,
clothing,衣,True,Kleidung,,
inside,裡,False,innen,das Innere,
grief,哀,False,Kummer,,
Yuan,袁,True,Yuan,,
distant,遠,False,weit weg,,
bad,壞,False,schlecht,,
elementary,初,False,elementar,,
towel,巾,False,Tuch,,
cloth,布,False,Stoff,,
hat,帽,True,Hut,,
curtain,幕,False,Vorhang,,
cotton,棉,True,Baumwolle,,
help (v.),幫,True,helfen,,
market (n.),市,True,Markt,,
lungs,肺,True,Lunge,,
sash,帶,True,Gurt,,
stagnant,滯,False,stagnieren,,
thorn,刺,True,Dorn,,
system,制,False,System,,
manufacture (v.),製,False,herstellen,,
utter (v.),云,False,sagen,äußern,
rain (n.),雨,False,Regen,,
cloud (n.),雲,True,Wolke,,
thunder (n.),雷,True,Donner,,
electricity,電,True,Elektrizität,,
frost (n.),霜,False,Raureif,,
ice (n.),冰,True,Eis,,
winter,冬,True,Winter,,
heavens,天,True,Himmel,,
die young,夭,True,jung sterben,,
pretend,喬,False,vortäuschen,,
bridge (n.),橋,True,Brücke,,
attractive,嬌,False,reizend,zart,
standing up (adj.),立,False,stehen,,
weep,泣,False,schluchzen,,
station (n.),站,True,Haltestelle,,
chapter,章,False,Kapitel,,
compete,競,False,konkurrieren,,
sovereign (n.),帝,False,Imperator,,
juvenile (n.),童,False,Knabe,,
bell,鐘,False,Glocke,,
salesman,商,False,Geschäftsmann,Geschäft-,
suitable,適,False,geeignet,,
enemy,敵,False,Feind,,
ancient spoon,匕,False,altertümlicher Löffel,,
north,北,True,Norden,,
back (n.),背,True,Rücken,,
compare,比,False,vergleichen,,
descendants,昆,False,Abkömmling,,
mix (v.),混,False,mischen,,
all,皆,False,alle,,
this (literary),此,False,dies (literarisch),,
somewhat,些,False,einiges,einige,
it,它,True,es,,
purpose,旨,False,Zweck,,
grease (n.),脂,False,Fett,,
every,每,False,jedes,,
small plum,梅,True,Asiatische Pflaume,,
sea,海,True,Meer,,
beg,乞,False,betteln,,
eat,吃,True,essen,,
dry (adj.),乾,False,trocken,,
duplicate (v.),複,False,verdoppeln,,
abdomen,腹,False,Unterleib,,
lack (v.),欠,False,mangeln,,
blow (v.),吹,False,blasen,,
song,歌,True,Lied,,
soft,軟,False,weich,,
next,次,False,nächster,,
assets,資,False,Kapital,,
looks (n.),姿,False,Antlitz,,
consult with,諮,False,Rat suchen,,
compensate,賠,False,entschädigen,,
cultivate,培,False,um etw. Erde anhäufen,kultivieren,
sound (n.),音,False,Ton,,
dark (adj.),暗,False,dunkel,,
rhyme (n.),韻,False,Reim,,
knowledge,識,False,Kenntnis,,
streamer,幟,False,Fahne,,
unexpectedly,竟,False,unerwartet,,
mirror,鏡,True,Spiegel,,
boundary,境,False,Umgrenzung,abgegrenzter Bereich,
deceased (adj.),亡,False,verstorben,,
blind (adj.),盲,False,blind,,
absurd (adj.),妄,False,absurd,,
expect,望,False,erwarten,,
direction,方,False,Richtung,,
hinder,妨,False,hindern,,
release (v.),放,False,freilassen,,
excite,激,False,erregen,anregen,
(all-purpose preposition),於,False,(Allzweckpräposition),,
side (n.),旁,False,Seite,,
convert (v.),兌,False,wechseln,umtauschen,
undress,脫,True,ausziehen,,
speak,說,False,sprechen,,
formerly,曾,False,schon einmal,früher einmal,einst
increase (v.),增,False,vermehren,zunehmen,
make a present of,贈,False,schenken,,
east,東,True,Osten,,
building,棟,False,Gebäude,,
freeze (v.),凍,True,gefrieren,,
also,也,True,auch,,
she,她,True,sie,,
ground (n.),地,False,Erdboden,,
pond,池,False,Teich,,
insects,蟲,True,Insekt,,
serpent,蛇,True,Schlange,,
egg,蛋,True,Ei,,
wind (n.),風,True,Wind,,
mock (v.),諷,False,verspotten,verhöhnen,
self,己,False,selbst,,
alter,改,False,ändern,,
remember,記,False,sich merken,,
already,已,False,schon,,
wrap (v.),包,False,einwickeln,,
bubbles,泡,False,Blase,,
begin,起,False,anfangen,beginnen,
house (n.),家,False,Familie,,
site,場,False,Platz,,
soup,湯,True,Suppe,,
sheep,羊,True,Schaf,,
beautiful,美,False,schön,,
ocean,洋,False,Ozean,,
fresh,鮮,False,frisch,,
reach (v.),達,False,erreichen,gelangen nach,
appearance,樣,False,Erscheinungsbild,,
fall short of,差,False,hinter etwas zurückbleiben,Abweichung,
gather,集,False,sammeln,,
advance (v.),進,False,vorwärtsgehen,vorrücken,
standard (n.),準,False,Standard,,
who?,誰,False,wer?,,
vend,售,False,veräußern,,
although,雖,False,obwohl,,
reliable,確,False,tatsächlich,,
noon,午,True,Mittag,,
permit (v.),許,False,erlauben,,
feathers,羽,True,Feder,,
learn,習,False,lernen,,
soar,翔,False,in der Luft kreisen,,
trapped,困,False,Schwierigkeit,,
solid,固,False,fest,,
country,國,False,Land,,
round,圓,False,rund,,
cause (n.),因,False,Ursache,,
park (n.),園,True,Park,,
return (v.),回,False,zurückkehren,wiederkehren,
revolve,迴,True,kreisen,,
picture (n.),圖,False,Bild,,
store (n.),店,False,Geschäft,,
warehouse,庫,False,Lagerhaus,,
trousers,褲,True,Hose,,
factory,廠,False,Fabrik,,
bed,床,True,Bett,,
hemp,麻,True,Hanf,,
heart,心,True,Herz,,
forget,忘,False,vergessen,,
endure,忍,False,ertragen,aushalten,
recognize,認,False,wiedererkennen,,
aspiration,志,False,Bestreben,,
annals,誌,False,Chronik,,
consider,思,False,überlegen (V.),,
idea,意,False,Idee,,
think,想,False,denken,,
breath,息,True,Atem,,
fear (v.),恐,False,Bammel haben,,
feel (v.),感,False,fühlen,,
regret (n.),憾,False,Bedauern,bedauern,
worried,憂,False,besorgt,,
dread (v.),怕,False,fürchten,,
busy (adj.),忙,False,beschäftigt,,
accustomed to,慣,False,gewöhnt sein an,,
cherish,懷,False,hegen,,
certainly,必,False,unbedingt,bestimmt,
hand,手,True,Hand,,
look at,看,True,schauen,,
hold (v.),拿,False,halten,,
I,我,True,ich,,
righteousness,義,False,Gerechtigkeit,Rechtschaffenheit,
deliberate (v.),議,False,Meinungen austauschen,,
ant,蟻,True,Ameise,,
embrace,抱,True,in den Armen halten,,
combat,抗,False,bekämpfen,,
criticize,批,False,kritisieren,,
beckon,招,True,herbeiwinken,,
strike (v.),打,False,schlagen,,
finger (n.),指,True,Finger,,
support (v.),持,False,an etw. festhalten,,
include,括,True,beinhalten,,
bring up,提,False,erwähnen,,
brandish,揮,False,schwingen,,
push,推,True,schieben,,
welcome (v.),接,False,empfangen,,
hang,掛,False,aufhängen,,
press down on,按,False,herabdrücken,,
drop (v.),掉,True,herunterfallen,,
pull,拉,True,ziehen,,
!!,啦,True,!!!,,
look for,找,False,suchen,ausfindig machen,
grind away (v.),研,False,zermahlen,zerreiben,
play with,弄,False,herumspielen mit,,
nose,鼻,True,Nase,,
punishment,刑,False,Strafe,,
mold (v.),型,False,Gussform,Typ,
genius,才,False,Genie,,
riches,財,False,Reichtum,,
deposit (v.),存,False,hinterlegen,,
at,在,False,sich befinden,,
only then,乃,False,erst dann,,
milk (n.),奶,True,Milch,,
catch up with,及,False,gleichkommen,,
inhale,吸,False,einatmen,,
history,史,False,Geschichte,,
even more,更,False,noch mehr,,
hard,硬,False,hart,,
again,又,False,wieder,,
friend,友,False,Freund,,
pair,雙,False,Paar,,
one of a pair,隻,False,einer von zweien,,
protect,護,False,beschützen,,
seize,獲,False,fangen,erbeuten,erlangen
observe,觀,False,beobachten,,
joyous,歡,False,froh,,
throw (v.),投,False,werfen,,
not have,沒,False,nicht haben,,
establish (v.),設,False,gründen,,
thigh,股,False,Oberschenkel,,
offshoot,支,False,Abzweigung,,
skill,技,False,Technik,,
branch,枝,False,Ast,,
uncle,叔,False,Onkel,,
superintend,督,False,beaufsichtigen,anweisen,Supervision
lonely,寂,False,einsam,,
against,反,False,anti-,,
plank,板,False,Brett,,
go back,返,False,zurückkommen,,
faction,派,False,Fraktion,,
blood vessels,脈,False,Blutgefäß,,
claw (n.),爪,False,Kralle,,
grab,抓,False,krallen,,
pluck (v.),采,False,auflesen,,
pick (v.),採,False,pflücken,,
vegetable,菜,False,Gemüse,,
accept,受,False,annehmen,hinnehmen,
confer,授,False,überreichen,verleihen,
love (n./v.),愛,False,Liebe,,
grand,雄,False,imposant,,
platform,台,False,Plattform,,
govern,治,False,regieren,,
commence,始,False,beginnen,,
go,去,False,gehen,,
method,法,False,Methode,,
until,至,False,bis,,
room,室,False,Zimmer,,
arrive,到,False,ankommen,,
mutual,互,False,gegenseitig,,
sufficient,充,False,ausreichend,hinreichend,
education,育,False,Aufzucht,,
flow (v.),流,False,fließen,,
comb (n.),梳,False,Kamm,,
mountain,山,False,Berg,,
exit (v.),出,False,hinausgehen,hinaus-,
beat (v.),擊,False,zuschlagen,schlagen,
secret (adj.),密,False,geheim,,
enter,入,False,hineingehen,hinein-,
internal,內,False,innen,,
holler (v.),吶,False,laut rufen,schreien,johlen
part (n./v.),分,False,Teil,,
impoverished,貧,False,arm,,
public (adj.),公,False,öffentlich,,
pine tree,松,True,Kiefernbaum,,
valley,谷,True,Tal,,
bathe,浴,False,baden,,
desire (v.),欲,False,begehren,,
lust (n.),慾,False,Lust,,
contain,容,False,enthalten,,
dissolve,溶,False,sich auflösen,,
work as,當,False,tätig sein als,,
files (n.),檔,True,Akte,,
political party,黨,True,Partei,,
often,常,True,oft,,
main room,堂,False,Saal,,
covering (n.),皮,True,Umhüllung,,
waves,波,False,Welle,,
old woman,婆,False,alte Frau,,
break (v.),破,False,kaputt machen,,
quilt (n.),被,True,Steppdecke,,
malicious,歹,False,bösartig,,
line up,列,False,einordnen,eine Aufstellung machen,aufreihen
intense,烈,False,heftig,intensiv,
death,死,True,Tod,,
inter (v.),葬,False,beerdigen,,
ear,耳,True,Ohr,,
take,取,False,holen,nehmen,
interest,趣,False,Interesse,,
most (adv.),最,False,am meisten,,
job,職,False,Job,,
holy,聖,False,heilig,,
brave (adj.),敢,False,wagen,wagemutig,mutig
strict,嚴,False,strikt,,
drawn out,曼,False,langgezogen,ausgedehnt,
slow (adj.),慢,False,langsam,,
overflow (v.),漫,False,überlaufen,überfließen,
ring (n.),環,True,Ring,,
give back,還,False,zurückgeben,,
husband,夫,True,Ehemann,,
regulations,規,False,Gepflogenheit,Vorschrift,
replace,替,False,ersetzen,an die Stelle treten von,
lose,失,False,verlieren,,
feudal official,臣,True,Feudalbeamter,,
be about to,臨,False,kurz davor sein,,
worthy,賢,False,würdig,verdienstvoll,
firm (adj.),堅,False,standhaft,,
power,力,True,Kraft,,
another,另,False,anderer,,
don‘t,別,False,nicht …!,,
turn (v.),拐,False,abbiegen,,
male (n.),男,True,Mann,,
achievement,功,False,Errungenschaft,Leistung,
slave (n.),奴,True,Sklave,,
toil (v.),努,False,sich anstrengen,,
add,加,False,addieren,hinzufügen,
congratulate,賀,False,gratulieren,,
shelf (n.),架,False,Regal,,
cooperate,協,False,kooperieren,,
line of business,行,False,Branche,,
law,律,False,Gesetz,,
recover,復,False,wiederherstellen,wiedererlangen,
must (aux. v.),得,False,müssen,,
treat (v.),待,False,(jmd. auf eine bestimmte Art) behandeln,,
toward,往,False,gen,,
tiny,微,False,winzig,,
street,街,True,Straße,,
morality,德,True,Moral,,
listen,聽,True,zuhören,,
hall,廳,True,Halle,,
standing grain,禾,False,stehendes Getreide,,
journey (n.),程,False,Reise,Reiseabschnitt,Fahrt
harmony,和,False,Harmonie,,
shift (v.),移,False,verlagern,,
autumn,秋,True,Herbst,,
gloomy,愁,False,betrübt,bedrückt,bekümmert
profit (n.),利,True,Profit,,
perfume (n.),香,False,Parfüm,,
seasons (n.),季,True,Jahreszeit,,
committee,委,False,Komitee,,
elegant,秀,False,elegant,,
penetrate,透,False,durchdringen,,
entice,誘,True,verführen,,
experience (n./v.),歷,False,etwas erleben,erleben,
rice,米,True,Reis,,
lost,迷,False,verirrt,,
riddle,謎,True,Rätsel,,
kind (n.),類,False,Gattung,Art,
bamboo,竹,True,Bambus,,
laugh (v.),笑,True,lachen,,
box (n.),箱,False,Kiste,Kasten,
pen,筆,False,Schreibstift,,
etc.,等,False,usw.,,
calculate,算,True,rechnen,,
answer (v.),答,False,antworten,,
strategy,策,False,Taktik,,
person,人,True,Mensch,,
prisoner,囚,False,Häftling,,
portion,份,False,Portion,,
occupy,佔,False,besetzen,,
furniture,傢,True,Möbel,,
you,你,True,du,,
you (respectful),您,True,Sie,,
what?,什,True,was?,,
strip (n.),條,True,Streifen,,
value (n.),值,False,Wert,,
make,做,False,machen,,
however,但,False,aber,,
dwell,住,False,wohnen,,
position (n.),位,False,Stand,Stellung,Rang
piece,件,False,Stück,,
still (adv.),仍,False,weiterhin,,
he,他,False,er,,
rest (v.),休,False,sich ausruhen,ruhen,
faith,信,False,Vertrauen,glauben,Glaube
depend on,依,False,abhängig sein,,
example,例,False,Beispiel,,
individual,個,False,einzelner,,
healthy,健,False,gesund,,
halt (v.),停,False,anhalten,,
upside down,倒,False,verkehrt herum,umdrehen,
benevolence,仁,False,Mitmenschlichkeit,,
excellent,優,False,vorzüglich,exzellent,
wound (n.),傷,False,Wunde,,
safeguard (v.),保,False,sichern,gewährleisten,versichern
fort,堡,False,Burg,,
pay (v.),付,False,bezahlen,,
government office,府,False,Regierungssitz,,
bow one‘s head,俯,False,den Kopf neigen,,
substitute for,代,False,vertreten,ersetzen,
bag (n.),袋,False,Beutel,,
transform,化,False,umwandeln,,
flower (n.),花,False,Blume,,
commodities,貨,False,Artikel,Güter,
whatwhichwhowherewhy?,何,False,waswelcherwerwowarum?,,
convenient,便,False,bequem,,
100 Chinese inches,丈,False,100 chinesische Zoll,,
use (v.),使,False,benutzen,verwenden,gebrauchen
long time,久,False,lange Zeit,,
Chinese acre,畝,False,chinesischer Morgen,,
third,丙,False,drittes,,
handle (n.),柄,False,Griff,,
meat,肉,False,Fleisch,,
rotten,腐,False,faulig,,
multitude,眾,False,Menschenmasse,,
sit,坐,False,sitzen,,
seat (n.),座,False,Sitz,,
examine,檢,False,untersuchen,kontrollieren,
face (n.),臉,True,Gesicht,,
come,來,True,kommen,,
wheat,麥,True,Weizen,,
drink (v.),喝,True,trinken,,
thirsty,渴,True,durstig,,
appoint,任,False,ernennen,,
royal court,廷,True,Königshof,,
court of law,庭,True,Gerichtshof,,
by means of,以,False,mittels,,
similar,似,False,anscheinend,,
combine (v.),併,False,verschmelzen,zusammenlegen,kombinieren
piece together,拼,False,zusammenfügen,zusammensetzen,
spine,呂,False,musikalische Note,Rückgrat,
associate (n.),侶,False,Kamerad,,
glory (n.),榮,False,Ruhm,,
labor (n.),勞,False,Arbeit,Mühsal,Maloche
camp,營,False,Feldlager,,
virtuous,善,True,gut im moralischen Sinn,,
year,年,True,Jahr,,
night,夜,True,Nacht,,
liquid,液,True,Flüssigkeit,,
call out (v.),喚,False,laut rufen,herbeirufen,
exchange (v.),換,False,austauschen,wechseln,
travel (v.),旅,False,reisen,,
execute,施,False,ausführen,anwenden,durchführen
go swimming,游,False,kraulen,planschen,
tour (v.),遊,False,herumfahren,bereisen,eine Tour machen
not,勿,False,nicht,,
suddenly,忽,False,plötzlich,,
thing,物,False,Ding,,
easy,易,False,leicht,mühelos,
grant (v.),賜,False,gewähren,,
corpse,屍,False,Leiche,,
nun,尼,False,buddhistische Nonne,,
woolen cloth,呢,False,Wollstoff,,
mud,泥,False,Schlamm,,
habitation,屋,False,Haus,,
grip (v.),握,False,fest in der Hand halten,umfassen,
reside,居,False,seinen Wohnsitz haben in,residieren,
saw (n.),鋸,False,Säge,,
story,層,False,Schicht,Schichtung,Stockwerk
bureau,局,False,Amt,,
door,戶,False,Tür,,
domicile,房,False,Wohnung,,
hire (v.),雇,False,jn einstellen,anstellen,
look back,顧,False,sich herumdrehen und schauen,sich umsehen,berücksichtigen
show (v.),示,False,zeigen,,
society,社,False,Gesellschaft,,
inspect,視,False,betrachten,,
happiness,福,False,Glückseligkeit,,
prohibit,禁,False,verbieten,Tabu,
front of a garment,襟,False,Vorderteil eines Kleidungsstücks,Revers,
religion,宗,False,Religion,,
worship (v.),崇,False,hoch,aufragend,erhaben
offer sacrifice,祭,False,opfern,,
scrutinize,察,False,besichtigen,inspizieren,
scrub,擦,False,schrubben,,
wherefore (n.),由,False,Veranlassung,Grund,auf Grund von
take out,抽,False,herausziehen,herausnehmen,
oil,油,True,Öl,,
first,甲,False,das erste,erster,
pawn (v.),押,True,verpfänden,,
express (v.),申,True,darlegen,,
extend,伸,False,strecken,dehnen,
gods,神,True,Gott,,
fruit,果,True,Frucht,,
lesson,課,True,Lektion,,
granule,顆,False,Kügelchen,Körnchen,
catty (n.),斤,True,Pfund,,
place (n.),所,False,Stelle,,
near,近,False,nah,,
hew,斬,False,abhacken,,
temporary,暫,False,zeitweilig,vorübergehend,
gradually,漸,False,allmählich,,
quality (n.),質,True,Qualität,,
reprimand (v.),斥,False,tadeln,,
accuse,訴,False,anklagen,,
for the first time,乍,False,zum ersten Mal,,
how?,怎,True,wie?,,
yesterday,昨,False,gestern,,
do,作,False,tun,machen,
snow (n.),雪,False,Schnee,,
anxious,急,False,es eilig haben,ungeduldig,
seek,尋,False,suchen,,
married woman,婦,False,verheiratete Frau,,
sweep,掃,False,fegen,,
record (v.),錄,False,aufzeichnen,,
commonplace (adj.),碌,False,gewöhnlich,mittelmäßig,
contend,爭,False,streiten,auseinandersetzen,
clean (adj.),淨,False,sauber,,
matter,事,False,Sache,,
Tang,唐,False,Tang,,
sugar,糖,False,Zucker,,
hale (adj.),康,False,Gesundheit,Wohlbefinden,
overseer,尹,False,Obervorsteher,Ortsvorsteher (in der alten Zeit),
Queen Elisabeth,伊,False,Queen Elisabeth,,
monarch,君,False,Monarch,,
skirt (n.),裙,False,Rock,,
crowd (n.),群,False,Meute,,
and,而,False,und,,
need (v.),需,False,brauchen,bedürfen,
Confucian,儒,False,konfuzianisch,,
auspicious,瑞,False,Gutes verheißend,glückbringend,
upright,端,False,Anfang/Ende,,
bent,曲,False,krumm,,
Big Dipper,斗,False,Großer Wagen,,
material (n.),料,False,Material,,
academic discipline,科,False,wissenschaftliche Disziplin,,
utilize,用,False,gebrauchen,,
times past,昔,False,Vergangenheit,,
borrow,借,False,leihen,,
mistaken,錯,False,irrtümlich,,
scattered,散,False,verstreut,,
scatter,撒,False,streuen,,
prepare,備,False,vorbereiten,,
twenty,廿,False,zwanzig,,
mat,席,False,Matte,,
degrees,度,False,Grad,,
ferry (n./v.),渡,False,Fähre,,
half (n./adj.),半,False,Hälfte,,
partner,伴,False,Partner,,
fat (adj.),胖,False,fett,beleibt,
judge (v.),判,False,urteilen,,
dependents,眷,False,Angehöriger,,
boxing (n.),拳,True,Boxen,,
victory,勝,False,Sieg,,
slice (n.),片,True,Scheibe,,
printing plate,版,True,Druckplatte,,
put on makeup,妝,True,schminken,,
robust,壯,False,robust,,
hamlet,莊,False,Dörfchen,,
attire (n.),裝,False,Tracht,,
General,將,True,General,,
of,之,False,von,des,
weary,乏,False,erschöpft,Mangel an Energie,
blink (v.),眨,True,blinzeln,,
no,不,True,nein,,
negate,否,False,negieren,,
cup,杯,True,Tasse,,
dart (n.),矢,True,Pfeil,,
tribe,族,True,ethnische Gruppe,,
know,知,True,wissen,,
wisdom,智,True,Weisheit,,
spear (n.),矛,True,Speer,,
gentle,柔,False,sanft,,
knead,揉,True,kneten,,
tasks,務,False,Angelegenheit,Aufgabe?,
fog,霧,True,Nebel,,
bestow,予,False,jm etw. zukommen lassen,jm etw. verleihen,
preface (n.),序,False,Vorwort,,
beforehand,預,True,im voraus,,
wild (adj.),野,True,wild,,
class (n.),班,True,Klasse,,
bow (n.),弓,True,Bogen,,
draw (v.),引,False,anspannen,,
strong,強,True,stark,,
weak,弱,False,schwach,,
bullet,彈,False,Geschoss,,
Buddha,佛,True,Buddha,,
expense,費,False,Kosten,,
younger brother,弟,True,jüngerer Bruder,,
No.,第,True,Nr.,,
adroit,巧,False,gewandt,,
somebody,身,True,Leib,,
shoot (v.),射,True,schießen,,
thank,謝,True,danken,,
old man,老,True,alter Mann,,
take an exam,考,False,eine Prüfung ablegen,,
roast (v.),烤,True,rösten,,
filial piety,孝,True,Kindespflicht,,
teach,教,False,lehren,,
someone,者,False,jemand,jemand mit einer Eigenschaft,Person
-ing,著,False,-nd,,
pig,豬,True,Schwein,,
chase,追,False,verfolgen,jm nacheilen,
commander,帥,False,Oberbefehlshaber,,
teacher,師,True,Lehrer,,
lion,獅,True,Löwe,,
bureaucrat,官,True,Bürokrat,,
pipe,管,True,Rohr,,
father,父,True,Vater,,
mingle,交,False,Umgang pflegen mit,,
effect (n.),效,True,Effekt,,
relatively,較,True,relativ,,
school (n.),校,True,Schule,,
lower leg,足,True,Unterschenkel,,
run (v.),跑,True,rennen,,
jump (v.),跳,True,springen,,
path,路,True,Pfad,,
dew,露,True,Tau,,
skeleton,骨,True,Skelett,,
slippery,滑,True,rutschig,,
cross (v.),過,True,überqueren,,
Apollo,阿,False,die Alpen,Apollo,
aah!,啊,True,Ach!,,
occasion,際,False,Gelegenheit,Anlass,
perilous,險,True,Risiko,,
as you wish,隨,False,nach Belieben,,
Yang,陽,True,Yang,,
exhibit (v.),陳,False,ausstellen,,
ward off,防,False,vorbeugen,abwehren,
attach,附,False,beifügen,,
Inst.,院,False,Hof,Institution,Inst.
battle formation,陣,False,Schlachtordnung,,
team,隊,False,Mannschaft,,
descend,降,True,herabkommen,,
stairs,階,False,Treppe,Treppenstufe,Stufe
hole,穴,False,Loch,,
research (v.),究,False,erforschen,,
abruptly,突,False,unvermittelt,,
empty,空,False,leer,,
control (v.),控,False,beherrschen,,
border,邊,False,Rand,,
deep,深,False,tief,,
spy (n.),探,False,Spion,,
hill,丘,False,Hügel,,
troops,兵,False,Truppe,Soldat,
silk,絲,False,Seide,,
line (n.),線,False,Linie,,
maintain,維,False,aufrechterhalten,,
silk gauze,羅,False,Seidengaze,,
continue,續,False,fortsetzen,,
continuum,統,False,vereinheitlichen,,
give,給,False,geben,,
tie (v.),結,False,knoten,,
end (n.),終,False,Ende,,
rank (n.),級,False,Rang,,
epoch,紀,False,Epoche,,
red,紅,False,rot,,
make an appointment,約,False,sich verabreden,,
fine (adj.),細,False,dünn,fein,
tight,緊,False,straff,,
weave (v.),織,False,weben,,
net (n.),網,False,Netz,,
green,綠,False,grün,,
curved (adj.),彎,False,gekurvt,,
bay (n.),灣,False,Bucht,,
be enamored of,戀,False,verliebt sein,,
change (v.),變,False,sich verändern,sich wandeln,
scripture,經,False,klassische Schrift,Leitfaden,Faden
lightweight (adj.),輕,False,leicht,leichtgewichtig,
behind,後,False,hinten,hinter,
how many?,幾,False,wie viele?,,
machine,機,False,Maschine,,
sever,斷,False,abbrechen,abschneiden,unterbrechen
carry on,繼,False,fortsetzen,,
obvious,顯,False,offensichtlich,,
music,樂,False,Musik,,
medicine,藥,False,Arznei,,
chicken,雞,False,Huhn,,
(suffix),麼,False,(Suffix),(Endsilbe),
lineage,系,False,Stammbaum,Fachbereich,Fakultät
relate to,係,False,gehen um,um etwas handeln,
grandchild,孫,False,Enkel,,
withdraw,卻,False,zurückweichen,zögern,
foot,腳,True,Fuß,,
apparel,服,False,Kleidung,Kleider,
fate,命,False,Schicksal,,
stay (v.),留,False,bleiben,,
slide (v.),溜,False,gleiten,,
chat (v.),聊,False,plaudern,,
willow,柳,False,Weidenbaum,,
orders (n.),令,False,Befehl,,
cold,冷,False,kalt,eiskalt,
zero,零,False,Null,null,
collar (n.),領,False,Kragen,,
communicate,通,False,kommunizieren,in Verbindung stehen,
courageous,勇,False,mutig,kühn,tapfer
criminal (n.),犯,False,Verbrecher,Straftäter,
danger,危,True,gefährlich,,
fragile,脆,False,brüchig,,
print (n./v.),印,False,drucken,,
excitement,興,False,Begeisterung,Freude,
liquor,酒,False,Alkohol,,
distribute,配,False,zuordnen,verteilen,dosieren
chieftain,酋,False,Häuptling,,
venerate (v.),尊,False,ehren,hochachten,achten
abide by,遵,False,befolgen,einhalten,
beans,豆,False,Bohne,,
head (n.),頭,False,Kopf,,
short,短,False,kurz,,
ceremony,禮,False,Ritual,Zeremonie,
body,體,False,Körper,,
drum,鼓,False,Trommel,,
joyful,喜,False,freudig(es Ereignis),,
kitchen,廚,False,Küche,,
timber,樹,False,Baum,,
blood,血,False,Blut,,
exhausted,盡,False,ganz aufgebraucht,,
to the utmost,儘,False,so sehr wie möglich,,
lid,蓋,False,Deckel,,
temperature,溫,False,Temperatur,,
supervise,監,False,überwachen,,
basket,籃,False,Korb,,
blue,藍,False,blau,,
silver,銀,False,Silber,,
heel (n./v.),跟,False,Ferse,,
very,很,False,sehr,,
root (n.),根,False,Wurzel,,
immediately,即,False,unmittelbar,,
holiday,節,False,Feiertag,,
retreat (v.),退,False,sich zurückziehen,,
leg,腿,True,Bein,,
limit (n./v.),限,False,limitieren,beschränken,begrenzen
eyelet,眼,False,Öse,,
high-quality (adj.),良,True,von guter Qualität,,
breakers,浪,False,Woge,,
mom,娘,False,Mutti,,
food,食,False,Essen,,
meal,飯,False,Mahlzeit,,
dine,餐,False,speisen,,
Bldg.,館,False,Gbde.,,
raise (v.),養,False,großziehen,,
since,既,False,da,,
approximate (adj.),概,False,im Großen und Ganzen,ungefähr,
even (adj.),平,False,eben,platt,flach
evaluate,評,True,kommentieren,,
level ground,坪,False,ebene Fläche,Flachland,
ooh!,乎,False,Oh!,,
shout (v.),呼,False,ausatmen,laut rufen,Huuu!
hope (v.),希,False,hoffen,,
scarce,稀,False,spärlich,,
study (v.),學,False,studieren,,
senses (n.),覺,False,Sinne,,
stir (v.),攪,False,rühren,umrühren,
sinister,凶,False,unheildrohend,verhängnisvoll,
cruel,兇,False,böse,furchterregend,schrecklich
bosom,胸,False,Brust,,
leave (v.),離,False,verlassen (V.),,
fowl,禽,True,Geflügel,,
peppery,辛,False,würzig,scharf,
manage,辦,False,erledigen,bearbeiten,
dispute (v.),辯,False,sich auseinandersetzen,disputieren,debattieren
partition (n.),壁,False,Trennwand,Mauer,
evade,避,False,ausweichen,,
new,新,False,neu,,
fuel,薪,False,Brennstoff,,
relatives,親,False,Verwandter,,
inner garments,襯,False,Futterstoff,Unterwäsche,
good fortune,幸,False,zum Glück,glücklicherweise,Glück
clench (v.),執,False,festhalten,in der Hand halten,
newspaper,報,True,Zeitung,,
call (v.),叫,False,rufen,nennen,
receive,收,False,entgegennehmen,,
land (n.),陸,False,Festland,,
force (n.),勢,False,Macht,Einfluss,
heat (n./v.),熱,False,Wärme,Hitze,
technique,藝,False,Kunstfertigkeit,Fertigkeit,
sign of the pig,亥,False,Zeichen des Schweins,,
nucleus,核,False,Kern,,
tot,孩,False,Knirps,Kind,
carve,刻,False,schnitzen,,
should,該,False,sollen,,
narrate,述,False,erzählen,,
art,術,False,Kunst,,
kill,殺,False,töten,,
aid (v.),襄,False,fördern,,
yield,讓,False,lassen,überlassen,
territory,壤,False,Gebiet,Territorium,
frigid,寒,False,kalt,,
competition,賽,False,Wettkampf,,
poison (n.),毒,False,Gift,,
vegetarian diet,素,False,vegetarische Kost,,
blue or green,青,False,grün-blau,,
refined,精,False,raffiniert,verfeinert,
invite,請,False,bitten,einladen,
feelings,情,False,Gefühl,,
eyeball,睛,False,Augapfel,,
pure,清,False,rein,,
quiet,靜,False,ruhig,,
responsibility,責,False,Pflicht,Verantwortung,
accomplishments,績,False,Verdienst,,
accumulate,積,False,aufhäufen,anhäufen,
surface (n.),表,False,Oberfläche,,
watch (n.),錶,False,Uhr,Armbanduhr,
life,生,False,Leben,,
star (n.),星,False,Stern,,
surname,姓,False,Familienname,Nachname,
sex,性,False,Geschlecht,,
harm (n./v.),害,False,Schaden,Schädigung,
cut off (v.),割,False,abschneiden,,
intelligent,慧,False,intelligent,,
plentiful,豐,False,reichlich,,
springtime,春,False,Frühling,,
tranquil,泰,False,Thailand,,
proffer (v.),奉,False,darbieten,darbringen,
cudgel (n.),棒,False,Knüppel,,
diligent,勤,False,fleißig,,
careful,謹,False,vorsichtig,,
merely,僅,False,nur,bloß,lediglich
Han,漢,False,Han,,
difficult,難,False,schwierig,,
vendor‘s stand,攤,False,Verkaufsstand,Kiosk,
splendor,華,False,Pracht,,
clamor (n.),嘩,False,Krach,,
droop,垂,False,herabhängen,,
hammer (n.),錘,False,Hammer,,
sleep (v.),睡,False,schlafen,,
now,今,False,Gegenwart,jetzt,
harbor (v.),含,False,etw. im Mund haben,in sich bergen,
miss (v.),念,False,vermissen,,
Yin,陰,False,Yin,,
shady,蔭,False,schattig,,
west,西,False,Westen,,
want (v.),要,False,wollen,,
waist,腰,False,Taille,,
ticket,票,False,Eintrittskarte,,
drift (v.),漂,False,dahintreiben,,
mark (n.),標,False,Markierung,Kennzeichen,Kennzeichnung
merchant,賈,False,Kaufmann,,
price,價,False,Preis,,
smoke (n.),煙,False,Rauch,,
south,南,False,Süden,,
gate,門,False,Tor,,
(plural),們,False,(Mehrzahl),,
leisure,閒,False,müßig,,
ask,問,False,fragen,,
interval,間,False,Intervall,Zwischenraum,
simple,簡,False,einfach,,
open (v.),開,False,öffnen,,
hear,聞,False,hören,,
storehouse,倉,False,Speicher,,
gun,槍,False,Gewehr,,
initiate (v.),創,False,etwas Neues kreieren,,
non-,非,False,nicht entsprechen,un-,
row (n.),排,False,Reihe,,
guilt,罪,False,Sünde,Schuld,
lean on,靠,False,sich anlehnen,,
marquis,侯,False,Fürst,,
wait (v.),候,False,warten,,
decide,決,False,entscheiden,,
fast (adj.),快,False,schnell,,
chopsticks,筷,False,Essstäbchen,,
tanned hide,韋,False,gegerbtes Leder,,
surround,圍,False,umschließen,umgeben,einkreisen
great,偉,False,großartig,bedeutend,
defend,衛,False,verteidigen,,
offend (v.),干,False,vor den Kopf stoßen,zu nahe treten,
shore,岸,False,Ufer,,
trunk,幹,False,Stamm,,
drought,旱,False,Dürre,,
hurry (v.),趕,False,eilen,,
Yu,于,False,Yu,,
eaves,宇,False,Dachüberstand,,
moi,余,False,moi,,
excess,餘,False,Rest,Überschuss,
eliminate,除,True,beseitigen,,
route (n.),途,False,Strecke,Route,
bundle up,束,False,bündeln,Bündel,
quick,速,False,geschwind,Geschwindigkeit,
spicy hot,辣,False,beißend,scharf schmeckend,
entire,整,False,vollständig,gesamt,
practice (v.),練,False,üben,trainieren,
opt for,揀,False,auswählen,aussuchen,eine Auswahl treffen
heavy,重,False,schwergewichtig,,
understand,懂,False,kapieren,,
move (v.),動,False,sich bewegen,bewegen,
species,種,True,Sorte,,
collide,衝,False,Konflikt,,
illness,病,False,Krankheit,,
ache (v.),痛,False,Schmerz,schmerzen,
insane,瘋,False,geisteskrank,,
match (v.),匹,False,ebenbürtig sein,,
region,區,False,Region,,
hub,樞,False,Türangel,Knotenpunkt,Dreh- und Angelpunkt
Europe,歐,False,Europa,,
physician,醫,False,Arzt,,
look up to,仰,False,zu jemandem aufschauen,,
greet,迎,False,begrüßen,,
ascend,登,False,in die Höhe gehen,nach oben steigen,besteigen
lamp,燈,False,Leuchte,,
evidence,證,False,Beweis,,
send out,發,False,senden,absenden,aussenden
discard (v.),廢,False,abschaffen,,
shape (n.),形,False,Form,Gestalt,
shadow (n.),影,False,Schatten,,
hue,彩,False,bunte Farben,,
have to,須,False,nötig sein,man muss,erforderlich
rare,珍,False,kostbar,selten,
participate,參,False,teilnehmen,,
wretched,慘,False,jämmerlich,,
repair (v.),修,False,reparieren,,
literature,文,False,Schrift,,
mosquito,蚊,False,Mücke,,
erudite,彥,False,Gelehrter,,
countenance (n.),顏,True,Antlitz,,
products,產,False,Produkt,,
rate (n.),率,False,Quote,Rate,
tumble (v.),摔,True,Sturz,,
center,央,False,Zentrum,,
England,英,False,England,,
crust,巴,False,Kruste,,
grasp (v.),把,False,greifen,Henkel,
papa,爸,False,Papa,,
bar (n.),吧,False,Bar,,
color (n.),色,False,Farbe,,
discontinue,絕,False,abbrechen,,
sweet,甘,False,süß,lieblich,
such and such (adj.),某,False,gewisser,,
his-hers-its-theirs,其,False,ihr sein,,
period of time,期,False,Periode,,
base (n.),基,False,Grundlage,,
Sphinx,斯,False,Sphinx,,
tremendously,甚,False,ungemein,äußerst,mehr als
expensive,貴,False,teuer,,
bequeath,遺,False,hinterlassen,,
dance (n./v.),舞,False,Tanz,,
nothing,無,False,nichts,,
comfort (v.),撫,False,trösten,,
moreover,且,False,außerdem,überdies,
older sister,姐,False,ältere Schwester,,
group (n.),組,False,Gruppe,,
ancestor,祖,False,Vorfahr,Ahn,
assist (v.),助,False,assistieren,,
side by side,並,False,nebeneinander,,
universal,普,False,allgemein,universell,für alle gültig
profession,業,False,Beruf,Branche,
that‘s right,對,False,das stimmt,,
together,共,False,gemeinsam,,
supply (n./v.),供,False,versorgen,bereitstellen,
different,異,False,verschieden,andersartig,
lane,巷,False,Gasse,,
port (n.),港,False,Hafen,,
choose,選,False,auswählen,wählen,
well (n.),井,False,Brunnen,,
Asia,亞,False,Asien,,
evil (n./adj.),惡,False,böse,das Böse,
angle,角,False,Ecke,Winkel,
untie,解,False,aufschnüren,,
orifice,嘴,False,Mündung,Öffnung,
once more,再,False,noch einmal,nochmals,
weigh,稱,False,abwiegen,,
lecture (v.),講,False,erklären,eine Vortrag halten,
frame (v.),構,False,konstruieren,formen,zusammensetzen
flat (adj.),扁,False,flach,platt gedrückt,
piece of writing,篇,False,Schriftstück,,
compile,編,False,flechten,zusammenstellen,editieren
theory,論,False,Theorie,,
wheel,輪,False,Rad,,
canon,典,False,Kanon,Standardwerk,Wörterbuch
family name,氏,False,Familienname,,
paper,紙,False,Papier,,
dusk,昏,False,Abenddämmerung,,
marriage,婚,False,heiraten,Hochzeit,Ehe
low,低,False,niedrig,,
bottom,底,False,Boden,,
people,民,False,Volk,,
slumber (n.),眠,False,Schlummer,,
Fu,甫,False,Fu,,
patch (v.),補,False,flicken,,
knowledgeable,博,False,belesen,sehr gebildet,
wrestle,搏,False,ringen,,
metropolis,都,False,Metropole,,
department,部,False,Teil,Abteilung,
young man,郎,False,junger Mann,,
countryside,鄉,False,auf dem Land,,
echo (n.),響,False,Echo,Schall,
section (n.),段,False,Abschnitt,Segment,
forge (v.),鍛,False,schmieden,,
unreal,幻,False,Illusion,,
take charge of,司,False,verwalten,,
word (n.),詞,False,Wort,,
boat,舟,False,Boot,Kahn,kleines Schiff
ship (n.),船,False,Schiff,,
sort (n.),般,True,Art und Weise,,
tray,盤,False,Teller,,
relocate,搬,False,umziehen,,
melon,瓜,True,Melone,,
orphan,孤,False,Waise,,
benefit (n.),益,False,Nutzen,,
vacation (n.),假,False,Urlaub,Ferien,
shrimp,蝦,True,Garnele,,
air (n.),氣,True,Luft,,
vapor,汽,True,Dampf,,
fly (v.),飛,False,fliegen,,
face-to-face,面,False,von Angesicht zu Angesicht,,
noodles,麵,False,Nudel,,
leather (n.),革,False,rohes Leder,,
shoes,鞋,False,Schuh,,
fragrant,馨,False,wohlriechend,,
voice (n.),聲,False,Stimme,,
Wu,吳,False,Wu,,
amusement,娛,False,Vergnügung,,
error,誤,False,Fehler,,
undertake,承,False,(Verantwortung) übernehmen,fortführen,
steam (v.),蒸,False,dämpfen,,
tooth,牙,True,Zahn,,
pass through,穿,False,durch etwas gehen,,
wow!,呀,False,Oha!,(Überraschung),
explain,釋,False,interpretieren,,
try (n.),番,False,Mal,,
turn over,翻,False,umdrehen,,
broadcast (v.),播,False,ausstrahlen,senden,
fur,毛,True,Fell,,
tail,尾,True,Schwanz,,
dwelling (n.),宅,False,Heim,Wohnsitz,
entrust,託,False,betrauen mit,,
act (v.),為,False,handeln,,
bogus,偽,False,gefälscht,,
long,長,False,lang,,
stretch (v.),張,False,spannen,,
swell (v.),漲,False,aufquellen,,
cover (n.),套,False,Hülle,,
hair of the head,髮,True,Kopfhaar,,
unfold,展,False,entfalten,,
funeral,喪,False,Trauer,Trauerfeier,Todesfall
wild goose,雁,True,Wildgans,,
ought to,應,False,es gebührt sich,,
bird,鳥,True,Vogel,,
hawk,鷹,True,Falke,,
duck (n.),鴨,True,Ente,,
island,島,True,Insel,,
encounter (v.),遇,False,begegnen,,
ten thousand,萬,False,zehntausend,,
stride (v.),邁,False,schreiten,,
ridge of a hill,岡,False,Hügelkamm,,
just now,剛,False,gerade eben,soeben,
deficient,缺,False,unzulänglich,,
treasure (n.),寶,False,Schatz,,
remote (adj.),遙,False,fern,Ferne,
shake (v.),搖,False,schütteln,,
rabbit,兔,True,Kaninchen,,
flee,逸,False,fliehen,,
avoid,免,False,vermeiden,,
nightfall,晚,False,Abend,,
elephant,象,True,Elefant,,
likeness,像,False,Ebenbild,,
horse,馬,True,Pferd,,
mama,媽,True,Mama,,
scold (v.),罵,False,schimpfen,,
yes or no,嗎,True,ja oder nein,,
check (v.),驗,False,überprüfen,testen,
ride (v.),騎,False,reiten,,
startled,驚,False,erschrocken,,
tiger,虎,True,Tiger,,
ponder,慮,True,bedenken,,
location,處,False,Ort,Stelle,
frolic,戲,False,Späße machen,,
drama,劇,False,Theater,,
certificate,據,False,Nachweis,,
deer,鹿,False,Reh,,
dust (n.),塵,False,Staub,,
lovely,麗,False,hübsch,,
bear (n.),熊,False,Bär,,
ability,能,False,Fähigkeit,,
attitude,態,False,Haltung,,
sign of the tiger,寅,False,Zeichen des Tigers,,
perform,演,False,aufführen,,
sign of the dragon,辰,False,Zeichen des Drachens,,
morning,晨,False,Morgen,,
agriculture,農,False,Landwirtschaft,,
concentrated,濃,False,dickflüssig,,
deliver,送,False,bringen,,
ghost,鬼,False,Gespenst,,
demon,魔,False,Dämon,,
lump (n.),塊,False,Klumpen,,
dragon,龍,False,Drache,,
raid (v.),襲,False,überraschend angreifen,,
youngster,兒,False,Jugendlicher,,
old,舊,False,alt,,
write,寫,False,schreiben,,
diarrhea,瀉,False,Durchfall,,
dos,兩,False,zwo,,
duo,倆,False,beide,,
full,滿,False,voll,,
you (literary),爾,False,du (literarisch),,
fill (v.),彌,False,füllen,,
false,虛,False,unecht,,
unite,聯,False,vereinigen,,
shut (v.),關,False,schließen,,
that,那,False,jenes,,
which?,哪,False,welches?,,
witch,巫,True,Hexe,,
spirit,靈,False,Geist,,
county,縣,False,Landkreis,,
suspend,懸,False,schwebend,,
offer (v.),與,False,anbieten,,
lift up,舉,False,heben,,
brain,腦,False,Gehirn,,
annoyed (adj.),惱,False,verärgert,,
specialty,專,False,Spezialgebiet,,
spread (v.),傳,False,weitergeben,verbreiten,überliefern
rotate,轉,True,drehen,,
troupe (n.),團,False,Truppe,Regiment,
yellow,黃,True,gelb,,
extensive,廣,False,ausgedehnt,,
horizontal,橫,True,waagerecht,,
window,窗,True,Fenster,,
general (adj.),總,False,total,,
verbose,詹,False,wortreich,,
assume,擔,False,eine Last auf die Schultern nehmen,,
number (n.),數,True,Zahl,,
multistory building,樓,True,Etagengebäude,,
alone,獨,False,allein,,
belong to,屬,True,zugehören,Kategorie,
spoiled,爛,False,verdorben,,
orchid,蘭,True,Orchidee,,
follow,從,False,folgen,,
vertical,縱,True,senkrecht,,
identical,齊,False,symmetrisch,,
relieve (v.),濟,False,lindern,beistehen,erleichtern
clown,丑,True,Clown,,
twist (v.),扭,False,verdrehen,,
lowly,卑,False,nieder,,
brand (n.),牌,True,Marke,,
appellation,號,False,Bezeichnung,,
peculiar,怪,False,seltsam,sonderbar,
crimson,赤,False,blutrot,karminrot,
likewise,亦,False,ebenso,,
extreme (n.),極,False,Extrem,,
miscellaneous,雜,False,verschiedenartig,divers,
sayeth,曰,False,äußern,,
chaos,亂,True,Chaos,,
trumpet (n.),叭,True,Trompete,,
mutter,咕,False,murmeln,,
we (inclusive),咱,False,wir (einschließend),,
string together,串,False,auf eine Schnur ziehen,,
overspread (v.),罩,False,überziehen,,
hubbub,囂,False,Krawall,,
invert,顛,False,auf den Kopf stellen,,
talkative,叨,False,plappern,,
scrape (v.),刮,False,schaben,,
stare at,盯,False,anstarren,,
rebuke (v.),呵,False,schelten,,
adultery,姦,False,Unzucht,,
baby,嬰,True,Baby,,
father‘s sister,姑,False,Schwester des Vaters,,
nanny,姆,False,Kindermädchen,,
cautious,兢,False,achtsam,,
big,碩,False,riesengroß,,
lay brick,砌,True,mauern,,
whistle (n.),哨,True,Trillerpfeife,,
sway (v.),晃,False,blenden,,
moor (v.),泊,False,anlegen,,
get rid of,汰,False,aussondern,,
soak,沾,True,benetzen,,
insignificant,渺,False,unbedeutend,,
gland,腺,True,Drüse,,
level (adj.),坦,False,eben,,
newborn (n.),娃,False,Neugeborenes,,
bank (n.),涯,False,äußerster Rand (Wasser),,
inch,吋,True,Zoll,,
elbow (n.),肘,True,Ellbogen,,
scorch,灼,False,versengen,,
stir-fry (v.),炒,False,pfannenrühren,,
sprinkle,澆,False,gießen,,
mile,哩,False,Meile,,
carp (n.),鯉,True,Karpfen,,
Hey!,嘿,True,Hey!,,
cinnabar red,丹,False,zinnoberrot,,
boisterous,喧,False,laut,,
visitor,賓,False,Besucher,,
water's edge,濱,True,Gestade,,
widowed,寡,False,verwitwet,,
shed (n.),棚,False,Schuppen,,
cypress,柏,True,Zypresse,,
thick stick,槓,False,Reckstange,Tragestange,dicker Stock
flouds,朵,True,Blolken,,
prevent,杜,False,verhindern,,
cassia-bark tree,桂,False,chinesischer Zimtbaum,,
chair,椅,True,Stuhl,,
hero,杰,False,Held,,
cherry,櫻,True,Kirsche,,
treetops,梢,False,Astspitze,,
paulownia,桐,False,Paulownie,,
Song,宋,True,Song,,
drench,淋,False,(von oben durchnässt),,
burn (v.),焚,True,verbrennen,,
obscure (adj./v.),昧,False,finster,Unwissenheit,
vermilion,朱,False,orangerot,,
tree trunk,株,True,Baumstamm,,
roof beam,樑,False,Dachbalken,,
saucer,碟,True,Unterteller,,
bud (v.),萌,True,keimen,,
exacting,苛,True,übermäßig fordernd,,
membrane,膜,True,Membran,,
solitary,寞,False,verlassen (Adj.),,
sunset,暮,False,Sonnenuntergang,,
ignite,燃,False,anzünden,,
curse (v.),咒,False,verfluchen,,
beast,獸,False,Bestie,,
raccoon dog,狸,False,Marderhund,,
sniff (v.),嗅,False,schnuppern,,
dude,牡,False,Männchen,,
jail,牢,False,Knast,,
succor (v.),贊,False,unterstützen,,
abode,舍,False,Schlafsaal,einfachere Unterkunft,
wha?,啥,False,wat?,,
in agreement,洽,False,im Einvernehmen,,
thriving,旺,False,florierend,,
green jade,碧,False,grüne Jade,,
tearful,汪,False,weite Wasserfläche,offenes Wasser,tränenüberströmt
crooked,枉,False,verdreht,,
pearl,珠,False,Perle,,
shocking,噩,False,entsetzlich,,
crocodile,鱷,True,Krokodil,,
fight (v.),鬥,False,kämpfen,,
plug (n.),栓,True,Stöpsel,,
pillar,柱,False,Pfeiler,,
hook (n./v.),鉤,True,Haken,,
paper money,鈔,False,Geldschein,,
put up for sale,銷,False,absetzen,,
lock (n./v.),鎖,True,Schloss,,
drill (n./v.),鑽,True,Bohrer,,
compel,迫,False,dringend,genötigt sein,
press (v.),逼,False,zwingen,,
escape (v.),逃,False,entkommen,fliehen,
flaunt,逞,False,sich durchsetzen,sich ausleben,zur Schau tragen
rumble (n./v.),轟,False,krachen,Bums!,
rails,軌,False,Gleis,Schiene,
flatten,軋,False,walzen,,
spokes,輻,True,Speiche,,
sauté (v.),煎,False,anbraten,normal braten?,braten
figure of speech,喻,False,Metapher,,
elm,榆,True,Ulme,,
abbreviation,略,False,Ellipse,Auslassung,sprachliche Abkürzung
dizzy,暈,False,schwindelig,,
muddled,渾,False,unklar,undurchsichtig,
ointment,膏,False,Creme,,
go smoothly,亨,False,reibungslos,,
hum (v.),哼,False,summen,,
honest,淳,True,ehrlich,,
whale,鯨,True,Wal,,
redeem,贖,False,wiedergutmachen,freikaufen,loskaufen
daylight,晝,False,tagsüber,,
Tianjin,津,True,Tianjin,,
smidgen,釐,False,My,,
small objects,枚,False,kleine Dinge,,
herd (v.),牧,False,weiden,,
rose,玫,True,Rose,,
candid,敦,True,verlässlich,,
promise (n.),諾,False,Versprechen,,
meaning,謂,False,Bedeutung,Bezeichnung,
inquire,詢,False,sich erkundigen,,
penalize,罰,False,bestrafen,,
place an order,訂,False,abonnieren,bestellen,
chant (v.),詠,False,rezitativisch singen,psalmodieren,intonieren
espionage,諜,False,Spionage,,
annotate,註,False,anmerken,mit Anmerkungen versehen,Anmerkung
forgive,諒,False,verzeihen,,
praise (v.),讚,False,preisen,,
II,貳,False,II,,
sick and tired of,膩,False,etw. satt haben,,
discharge (v.),洩,True,entweichen,,
paddle (v.),划,False,rudern,paddeln,
caw (n.),嘎,False,Krächzen,Geschnatter,
domain,域,False,Domäne,,
sow (v.),栽,False,säen,,
kin,戚,False,Verwandter,Kind und Kegel,
despise,蔑,False,geringschätzen,verunglimpfen,
yell (v.),喊,False,schreien,krakeelen,
splatter (v.),濺,False,spritzen,,
address (n.),址,True,Adresse,,
astringent,澀,False,herb,,
apple,蘋,True,Apfel,,
go to,赴,False,sich begeben nach,,
trip,趟,False,Tour,,
dike,堤,False,Deich,,
keyboard keys,鍵,False,Taste,,
son-in-law,婿,False,Schwiegersohn,,
tailor (v.),裁,False,zuschneiden,,
socks,襪,True,Socke,,
trundle (v.),滾,False,rollen,kugeln,
decline (v.),衰,False,verfallen,,
innermost feelings,衷,False,innerste Gefühle,Herzensgrund,
meditation,禪,True,Meditation,,
ape,猿,False,Menschenaffe,,
dangle,吊,False,an einem Seil aufhängen,,
handkerchief,帕,True,Taschentuch,,
note (n.),帖,False,Notiz,,
sail (n.),帆,True,Segel,,
width of cloth,幅,False,Stoffbahn,,
brocade,錦,False,Brokat,,
copious,沛,False,reichlich,voller,
persimmon,柿,True,Kaki,,
stir up trouble,鬧,False,Unruhe stiften,,
thorn bushes,棘,True,Dornenbusch,,
jujube,棗,True,Jujube,,
flower bud,蕾,False,Knospe,,
gulp down,吞,False,verschlingen,verschlucken,
bewitching,妖,True,verhexen,,
fertile,沃,False,fruchtbar,,
sedan chair,轎,False,Sänfte,,
garbage,垃,False,Müll,,
weep aloud,啼,False,flennen,,
fruit stem,蒂,False,Blütenstiel,Fruchtstiel,
drip (v.),滴,False,tropfen,Tropfen,
100 Chinese acres,頃,False,100 chinesische Morgen,Qing,
spoon (n.),匙,True,Löffel,,
well-behaved,乖,False,brav,artig,
hitch a ride,乘,False,fahren,,
leftover (adj.),剩,False,Rest,,
club (n.),棍,False,Keule,,
in accord,諧,False,harmonisch,,
firewood,柴,False,Brennholz,,
quick-witted,敏,False,sensibel,,
mildew (n.),霉,True,Schimmelpilz,,
so far,迄,False,bis jetzt,bisher,
chop (v.),砍,False,fällen,hacken,
hump (n.),坎,False,Bodenunebenheit,,
cook (v.),炊,False,kochen,,
think highly of,欽,False,verehren,ästimieren,
cut open,剖,False,sezieren,aufschneiden,
bodhisattva,菩,True,Bodhisattwa,,
mango,芒,True,Mango,,
wasteland,荒,False,Ödland,,
lie (n.),謊,True,Lüge,,
boundless,茫,False,grenzenlos,,
win (v.),贏,False,gewinnen,siegen,
interrogate,訊,False,verhören,,
workshop,坊,False,Werkstatt,,
aromatic,芳,False,duftend,,
call on,訪,False,aufsuchen,besuchen,
stew (v.),熬,False,schmoren,,
tobacco,菸,False,Tabak,,
roster,榜,False,Namensliste,,
pound (n.),磅,False,Pfund,500 Gramm,
upper arm,膀,False,Oberarm,,
sharp,銳,False,scharfkantig,,
rainbow,虹,True,Regenbogen,,
bat (n.),蝠,True,Fledermaus,,
frog,蛙,True,Frosch,,
locust,蝗,True,Heuschrecke,,
cicada,蟬,True,Zikade,,
maple,楓,True,Ahorn,,
placenta,胞,True,Plazenta,,
fireworks,炮,True,Feuerwerk,,
robe (n.),袍,True,Robe,,
hail,雹,True,Hagel,,
pursue,逐,True,jmdm. nachsetzen,,
satisfy,遂,False,zufriedenstellen,,
Mongolia,蒙,True,Mongolei,,
dim (adj.),朦,False,schummrig,,
unrestrained,豪,False,unbändig,,
peck (v.),啄,True,picken,,
chisel (v.),琢,False,meißeln,,
marry,嫁,False,heiraten,,
intestines,腸,True,Darm,,
poplar,楊,True,Pappel,,
scald,燙,True,verbrühen,,
licentious,蕩,False,zügellos,,
detailed,詳,False,detailliert,,
envy (v.),羨,False,beneiden,,
solely,唯,False,einzig,,
pile (n./v.),堆,True,Stapel,,
apprehensive,焦,False,beunruhigt,,
lay eyes on,瞧,False,gucken,einen Blick werfen,
reef,礁,True,Riff,,
banana,蕉,True,Banane,,
sculpture,雕,False,gravieren,Skulptur,
lop off,截,False,abtrennen,,
allow,准,False,genehmigen,,
sparrow,雀,True,Spatz,,
all at once,霍,False,unversehens,auf einmal,
exert oneself,奮,False,sich aufraffen,,
take by force,奪,False,gewaltsam wegnehmen,wegnehmen,
turn upward,翹,False,nach oben gebogen zu sein,sich hochbiegen,
fall down,塌,False,absacken,,
writing brush,翰,False,Schreibfeder,,
throat,咽,False,Rachen,,
in-law (adj.),姻,False,Schwieger-,,
temple,廟,False,Tempel,,
side room,廂,False,Seitenflügel,,
(pause marker),嘛,False,(Pausenzeichen),,
grind (v.),磨,False,schleifen,wetzen,
skyscraper,廈,False,Wolkenkratzer,,
toilet,廁,True,Toilette,,
realize,悟,False,erleuchtet werden,,
loyal,忠,False,loyal,,
mourn,悼,False,trauern,,
prudent,慎,False,umsichtig,,
pardon (v.),恕,False,vergeben,,
noiseless,悄,False,geräuschlos,,
all of a sudden,恍,False,schlagartig,,
indolent,惰,False,träge,,
immense,恢,False,immens,,
permanent,恆,False,permanent,,
admire,慕,False,bewundern,,
just right,恰,False,gerade recht,,
fearful,惶,False,Schrecken,,
overjoyed,愉,False,fröhlich,,
more and more,愈,False,umso mehr,je mehr … desto …,
be bewildered,惑,False,verwirrt,verblüfft,konfus
terror-stricken,怔,False,von Schrecken gepackt,,
be scared of,怖,False,Angst haben,,
augment,添,False,hinzufügen,,
be sorry about,悔,False,leidtun,,
nervous,慌,False,nervös,,
delighted,悅,False,ergötzt,,
loathe,憎,False,nicht ausstehen können,,
shun,忌,False,scheuen,,
thinking,惟,False,Denken,bloß,
be frightened,懼,False,scheuen,,
troubles,患,False,Sorgen,,
provoke,惹,False,hervorrufen,,
kindness,恩,True,Güte,,
recall (v.),憶,False,sich erinnern,,
daughter-in-law,媳,False,Schwiegertochter,,
put out,熄,False,löschen,,
Chinese harp,瑟,True,chinesische Harfe,,
secrete,泌,False,absondern,,
honey,蜜,True,Honig,,
rub (v.),摩,False,reiben an,,
moth,蛾,True,Motte,,
pick pockets (v.),扒,False,zusammenharken,stibitzen,
button (n./v.),扣,False,zuknöpfen,knöpfen,
contribute,捐,False,spenden,,
racquet,拍,False,Schläger,,
clapping sound,啪,False,Knall,Patsch,
damage (v.),損,False,schaden,beschädigen?,
carry over the shoulder,扛,False,schultern,auf der Schulter tragen,
prick (v.),扎,False,piksen,stechen,
thumb,拇,True,Daumen,,
detain,拘,False,verhaften,,
copy (v.),抄,False,kopieren,abschreiben,
pioneer (v.),拓,True,erschließen,,
pinch (v.),捏,True,kneifen,,
chafe,撓,False,sich kratzen,scheuern,
smear on,抹,False,beschmieren,,
describe,描,False,nachzeichnen,beschreiben,schildern
grope,摸,False,tasten,,
foment,挑,False,schüren,,
tether (v.),拴,False,anbinden,,
tidy up,拾,False,aufsammeln,,
put up,搭,False,hochziehen,,
pillage (v.),掠,False,plündern,,
abandon,捨,False,etw. aufgeben,,
wipe away,拭,False,wegwischen,,
yank (v.),扯,False,zerren,,
drag (v.),拖,False,hinter sich herziehen,,
publicize,揚,False,bekanntmachen,verbreiten,Propaganda machen
engage in,搞,False,betreiben,befassen mit,
bump into,撞,False,Zusammenstoß,rammen,
handpick,摘,False,extrahieren,,
lash together,捆,False,verschnüren,zusammenbinden,
joggle (v.),撼,False,rütteln,,
harass,擾,False,belästigen,,
act without authority,擅,False,eigenmächtig,,
altar,壇,False,Altar,,
tremble,顫,False,zittern,,
rude,莽,False,rüde,,
take precautions against,戒,False,sich hüten,,
weapon,械,False,Waffe,,
warn,誡,False,warnen,,
dash (v.),奔,False,spurten,,
spurt (v.),噴,False,sprühen,,
tomb,墳,False,Grabhügel,letzte Ruhestätte,
indignation,憤,False,Entrüstung,,
stuff (n.),材,False,Material,Grundstoff,
pregnant,孕,True,schwanger,,
throw away,扔,True,wegwerfen,,
trash (n.),圾,False,Abfall,,
fork (n.),叉,True,Gabel,,
mulberry tree,桑,False,Maulbeerbaum,,
voicebox,嗓,False,Kehle,,
outlaw (n.),寇,False,Gangster,,
knock (v.),敲,False,klopfen,,
pour into,灌,False,eingießen,,
authority,權,False,Befugnis,Recht,
resolute,毅,False,resolut,,
limb,肢,False,Gliedmaße,,
prostitute,妓,False,Prostituierte,,
fork in the road,歧,False,Weggabelung,,
fins,翅,True,Flosse,,
graceful,淑,False,liebenswürdig,,
spice plant,椒,False,Gewürzpflanze,Pfefferpflanze,
queen,后,False,Kaiserin,Königin,
shield (n.),盾,True,Schild,,
peddler,販,False,Hausierer,,
tug (v.),扳,False,etwas umkippen,eine Situation drehen,
try to find,覓,False,nachspüren,,
appropriate (adj.),妥,False,angemessen,zweckmäßig,geeignet
notice (v.),睬,False,Notiz nehmen von,,
consent (v.),允,False,zustimmen,,
cross out,勾,False,ankreuzen,skizzieren,
promote,晉,False,befördert werden,,
magnificent,宏,False,grandios,,
fetus,胎,False,Fötus,,
smelt (v.),冶,False,verhütten,,
typhoon,颱,True,Taifun,,
negligent,怠,False,nachlässig,,
elevate,抬,False,hochheben,,
mislay,丟,False,verlegen,,
Taiwan,臺,True,Taiwan,,
bring about,致,False,herbeiführen,,
remove,撤,False,entfernen,entheben,sich zurückziehen
sulfur,硫,True,Schwefel,,
glaze (n.),琉,False,Glasur,,
sparse,疏,False,schütter,licht,spärlich
veggies,蔬,False,Gemüse,Grünzeug,
crumble,崩,False,bersten,zusammenbrechen,
rock,岩,False,Felsen,,
rugged,崎,False,zerklüftet,,
cliff,崖,False,Klippe,,
charcoal,炭,True,Holzkohle,,
carbon,碳,True,Kohlenstoff,,
await hopefully,盼,False,sehnsüchtig erwarten,entgegenfiebern,
promulgate,頒,False,erlassen,,
essence,芬,False,Bukett,,
play the part of,扮,False,mimen,sich verkleiden,darstellen
diverge,岔,False,abzweigen,sich gabeln,
extol,頌,False,rühmen,preisen,
litigate,訟,False,vor Gericht gehen,,
elderly man,翁,False,Greis,,
abundant,裕,False,reichlich,im Überfluss vorhanden,wohlsituiert
banyan,榕,False,Banyanbaum,,
prize,賞,False,Auszeichnung,,
attempt (v.),嘗,False,versuchen,ausprobieren,
taste (v.),嚐,False,kosten,schmecken,abschmecken
palm of the hand,掌,False,Handfläche,,
fend off,擋,False,abblocken,,
chest,膛,False,Brust,,
quite,頗,False,recht,,
slope (n.),坡,False,Hang,,
drape over the shoulders,披,False,um die Schultern hängen,sich etw. umhängen,
the other,彼,False,das Gegenüber,jener,
wrinkles,皺,False,Falten,,
chick,雛,False,Küken,,
hasten,趨,False,hasten,,
spinach,菠,True,Spinat,,
breed (v.),殖,False,sich fortpflanzen,,
dissimilar,殊,False,unterschiedlich,,
incomplete,殘,False,unvollständig,,
grin (v.),咧,False,grinsen,,
crack (v.),裂,False,Spalt,,
dedicated,耿,False,aufgeweckt,,
shame (n.),恥,False,Schmach,,
edit,輯,False,kompilieren,zusammenstellen,
take a photo,攝,False,fotografieren,,
take a wife,娶,False,jmdn. zur Frau nehmen,,
lend a hand,扶,False,jemandem unter die Arme greifen,,
splendid,熙,False,blendend,,
kidneys,腎,True,Niere,,
recruit (v.),募,False,anwerben,rekrutieren,
threaten,脅,False,bedrohen,einschüchtern,erpressen
inferior,劣,False,minderwertig,,
merit (n.),勳,False,Großtat,Ruhmestat,
advise,勸,False,Rat geben,überreden,gut zureden
plunder (v.),劫,False,überfallen,,
anger (n.),怒,False,Zorn,,
eggplant,茄,True,Aubergine,,
seemingly,彷,False,scheinbar,,
go on an expedition,征,False,einen Feldzug unternehmen,,
follower,徒,False,Anhänger,,
undecided,徊,False,unentschlossen,,
solicit,徵,False,einziehen,Steuern eintreiben,
chasten,懲,False,maßregeln,,
comply with,循,False,sich halten an,,
thorough,徹,False,gründlich,,
service,役,False,Dienst,,
develop,衍,False,entwickeln,,
weight,衡,False,Gewicht,,
title,銜,False,Titel,,
bald,禿,False,kahl,,
decrepit,頹,False,heruntergekommen,,
seconds,秒,True,Sekunde,,
a little (adv.),稍,False,ein bisschen,ein wenig,
rise again,穌,False,wiederauferstehen,,
revive,蘇,False,das Bewusstsein wiedererlangen,wieder zu sich kommen,
wilt,萎,False,welken,,
sticky,黏,False,klebrig,,
host (n.),黎,False,Schar,,
wall paint,漆,True,Lack,,
knees,膝,True,Knie,,
dense,稠,False,dickflüssig,breiig,dicht
draft (n.),稿,False,Entwurf,,
clever,穎,False,clever,,
tax (n.),稅,True,Steuer,,
crops,稼,False,Feldfrüchte,Getreide,
fungus,菌,False,Fungus,Pilze und Bakterien,Erreger
immature,稚,False,kindlich,unreif,
harvest (v.),穫,False,ernten,Ernte,
private (adj.),私,False,privat,,
order (n.),秩,False,Reihenfolge,,
shell (n.),殼,False,Schale,,
cereal,穀,False,Getreide,,
shovel (n.),鍬,True,Schaufel,,
hold tight,揪,False,etw./jmd. packen,zerren,
pear,梨,True,Birne,,
plow (n.),犁,True,Pflug,,
calendar,曆,True,Kalender,,
cake,糕,True,Kuchen,,
batter,糊,True,Brei,,
glue (v.),粘,True,kleben,,
provisions,糧,True,Verpflegung,,
chrysanthemum,菊,True,Chrysantheme,,
rough,糙,False,rau,,
grain,粒,False,Korn,,
brilliant,粲,False,brillant,,
powder,粉,True,Pulver,,
squint (v.),瞇,False,die Augen zusammenkneifen,blinzeln,
currency,幣,False,Währung,,
die a violent death,斃,False,gewaltsam sterben,,
shelter (n.),蔽,False,abschirmen,verhüllen,
cast aside,撇,False,beiseite legen,,
fraud,弊,False,Betrug,,
bamboo shoot,筍,True,Bambusspross,,
tube,筒,False,Röhre,dickes Bambusrohr,
construct,築,False,errichten,,
stupid,笨,False,stupide,,
arrow,箭,True,Pfeil,,
tendon,筋,True,Sehne,,
V,伍,False,V,,
animosity,伍,False,Feindschaft,,
start (v.),倡,False,initiieren,,
father‘s older brother,伯,False,älterer Bruder des Vaters,,
mid-,仲,False,Mitt-,mittlerer,
estimate (v.),估,False,schätzen,einschätzen,
detect,偵,False,(verdeckt) ermitteln,,
altogether (adv.),俱,False,sämtlich,vollständig,
lateral (adj.),側,False,seitlich,,
bless,佑,False,segnen,,
assistant,佐,False,Assistent,,
meticulous,仔,False,Jungtier,sorgfältig,
comely,俏,False,chic,schick,
if,倘,False,falls,,
count on,倚,False,sich stützen auf,sich verlassen auf,
superb,佳,False,ausgezeichnet,,
serve,侍,False,bedienen,,
mate (n.),伙,False,Kumpan,,
stay overnight,宿,False,übernachten,,
bend over,伏,False,sich beugen,,
wrapping cloth,袱,False,Packtuch,,
steal (v.),偷,False,heimlich stehlen,,
fell,伐,False,fällen,,
wear at the waist,佩,False,am Gürtel tragen,am Körper tragen,
announce,佈,False,bekanntgeben,verbreiten,
live abroad,僑,False,im Ausland leben,,
one hundred million,億,True,hundert Millionen,,
incline (v.),傾,False,sich neigen,,
insult (v.),侮,False,beleidigen,,
times,倍,False,-mal,,
mimic (v.),仿,False,imitieren,,
haughty,傲,False,überheblich,,
Buddhist monk,僧,False,buddhistischer Mönch,,
without haste,悠,False,gemächlich,,
Russia,俄,True,Russland,,
rite,儀,False,Brauch,,
nephew,侄,False,Neffe,,
immortal (n.),仙,True,Unsterblicher,,
custom,俗,False,Sitte,,
repay,償,False,zurückzahlen,,
for sleeping,臥,False,Schlaf-,,
close to,傍,False,nahe bei,nah dran,
we (exclusive),俺,False,wir (ausschließend),,
inundate,淹,False,überschwemmen,,
conceal,掩,False,bedecken,zudecken,verbergen
prod (v.),催,False,antreiben,beschleunigen,auf Eile dringen
wreck (v.),摧,False,beschädigen,zerbrechen,zerstören
take along,攜,False,mit sich führen,,
symbol,符,False,Symbol,,
loan (n.),貸,False,Kredit,,
Holland,荷,True,Holland,,
battle (n.),仗,False,Schlacht,,
cane,杖,False,Rute,,
press from both sides,夾,False,von beiden Seiten zusammendrücken,,
chivalrous person,俠,False,ritterliche Person,,
cheek,頰,True,Wange,,
narrow (adj.),狹,False,schmal,,
coerce,挾,False,unter Druck setzen,nötigen,
gorge (n.),峽,True,Schlucht,,
umbrella,傘,True,Schirm,,
assemble,聚,False,sich versammeln,,
frustrate,挫,False,vereiteln,,
saber,劍,False,Säbel,,
restrain,斂,False,sich zurückhalten,,
pick up (v.),撿,False,auflesen,,
sign (v.),簽,False,unterschreiben,,
thrifty,儉,False,sparsam,haushälterisch,
lambsquarters,萊,False,Weißer Gänsefuß,,
kudzu,葛,False,Kudzu,,
brown,褐,True,braun,,
use up,竭,False,sich verausgaben,,
take a rest,歇,False,rasten,,
reveal,揭,False,entlarven,,
promiscuous,淫,False,unzüchtig,,
erect (adj.),挺,False,aufrecht,aufrecht stehen,
tile,瓦,True,Dachziegel,,
porcelain,瓷,True,Porzellan,,
bottle,瓶,True,Flasche,,
aluminium,鋁,True,Aluminium,,
palace,宮,True,Palast,,
lustrous,瑩,False,kristallklar,,
firefly,螢,True,Glühwürmchen,,
scoop up,撈,False,herausfischen,,
glowing,煥,False,glänzend,in neuem Glanz erstrahlend,
whirl (v.),旋,False,wirbeln,,
kiss (v.),吻,False,küssen,,
hurriedly,匆,False,fluchtartig,,
tin,錫,True,Zinn,,
watchful,惕,False,wachsam,,
bits,屑,False,Krümel,,
urine,尿,True,Urin,,
brush (n./v.),刷,False,Bürste,,
rhinoceros,犀,True,Nashorn,,
tardy,遲,False,verspätet,,
leak (v.),漏,True,undicht sein,,
fart (n.),屁,True,Furz,,
footwear,履,False,Fußbekleidung,,
excrement,屎,True,Kot,,
folding screen,屏,False,Wandschirm,,
knuckle under,屈,False,sich unterwerfen,,
excavate,掘,False,graben,,
ruler,尺,False,Lineal,,
eyebrows,眉,False,Augenbraue,,
flatter,媚,False,schmeicheln,,
shoulder (n.),肩,False,Schulter,,
jealous of,妒,False,eifersüchtig,,
tears,淚,False,Träne,,
enlighten,啟,False,aufklären,,
fan (n.),扇,False,Fächer,,
can‘t help but,奈,False,nicht umhin können,,
funds,款,False,Geldsumme,,
evil spirit,祟,False,böser Geist,,
wish well,祝,False,Gutes wünschen,jmdm. die Daumen drücken,
propitious,祥,False,glückverheißend,,
confidential,祕,False,vertraulich,,
console (v.),慰,False,trösten,,
luxuriant,蔚,False,farbenprächtig,üppig,verschwenderisch
garlic,蒜,True,Knoblauch,,
palm tree,棕,True,Palme,,
universe,宙,False,Universum,,
axle,軸,True,Achse,,
sleeve,袖,True,Ärmel,,
flute,笛,True,Flöte,,
female,坤,False,weiblich,,
groan,呻,False,stöhnen,,
smooth,暢,False,reibungslos,ungehemmt,
partnership,夥,False,Gemeinschaft,Partnerschaft,
nest (n.),巢,True,Nest,,
flora,棵,True,Flora,,
naked,裸,True,nackt,,
envelop,裹,False,einwickeln,,
analyze,析,False,analysieren,,
distinct,晰,False,ausgeprägt,deutlich,
celery,芹,True,Sellerie,,
discount (n.),折,False,Rabatt,Preisnachlass,
philosopher,哲,True,Philosoph,,
pass away,逝,False,von uns gehen,vergehen,verstreichen
vow (n./v.),誓,False,Schwur,,
elated,欣,False,enthusiastisch,,
uncover,掀,False,den Deckel lüften,lüften,
supplicate,祈,False,anflehen,erflehen,
conscience-stricken,慚,False,vom Gewissen geplagt,,
towering,嶄,False,sich auftürmend,,
take apart,拆,False,auseinandernehmen,abreißen,demontieren
blow up,炸,False,detonieren,,
swindle,詐,False,schwindeln,,
wife,妻,False,Ehefrau,,
miserable,淒,False,betrübt,elend,
perch (v.),棲,False,nisten,,
goblin,煞,False,Kobold,,
nimble,捷,False,flink,geschickt,gewandt
wield,秉,False,in der Hand halten,,
peel off,剝,False,häuten,pellen,schälen
collection,彙,False,Kollektion,Sammlung,
double (adj.),兼,False,doppelt,,
earn,賺,False,Geld verdienen,,
dislike (v.),嫌,False,nicht mögen,,
unassuming,謙,False,genügsam,bescheiden,
apology,歉,False,Entschuldigung,,
inexpensive,廉,False,preiswert,,
sickle,鐮,True,Sichel,,
drapes,簾,True,Gardine,,
unshut (v.),睜,False,die Augen aufschlagen,,
struggle (v.),掙,False,sich abrackern,,
Chinese zither,箏,False,chinesische Zither,,
pool (n.),塘,False,Weiher,,
arrest (v.),逮,False,festnehmen,,
bondservant,隸,False,Leibeigener,,
generous,慷,False,großzügig,,
chaff,糠,False,Spreu,,
mess around,耍,False,tricksen,,
-proof,耐,False,-beständig,ertragen können,aushalten können
wheeze,喘,False,keuchen,,
conjecture (v.),揣,False,mutmaßen,,
messed up,糟,False,in schlechtem Zustand,,
meet with,遭,False,auf etwas stoßen,,
trough,槽,True,Trog,,
quiver (v.),抖,False,schaudern,bibbern,
mediocre,庸,False,stinknormal,mittelmäßig,
put to work,傭,False,jemanden einstellen,,
fling (v.),甩,False,im hohen Bogen schmeißen,schleudern,
rue (v.),惜,False,nachtrauern,bedauern,
arrange,措,False,arrangieren,organisieren,
forsake,棄,False,preisgeben,,
swallow (n.),燕,True,Schwalbe,,
screen (v.),遮,False,abdecken,abschirmen,
littoral (n.),畔,False,Feldrand,Rain,Litoral
blend (v.),拌,False,vermengen,,
betray,叛,False,verraten,,
voucher,券,False,Eintrittskarte,,
rattan,藤,True,Rattan,,
state of affairs,狀,False,Zustand,,
wall,牆,True,Wand,,
old cooking pot,鼎,False,Dreifuß,,
get some shuteye,寢,False,sich auf's Ohr hauen,schlafen,
invade,侵,False,eindringen,Übergriff,einfallen
immerse,浸,False,einweichen,,
stolen goods,贓,True,Diebesgut,,
hide (v.),藏,False,verstecken,aufbewahren,
guts,臟,True,Eingeweide,,
award (n.),獎,False,Auszeichnung,,
thick liquid,漿,False,dicke Flüssigkeit,,
oar,槳,True,Paddel,,
Jiang,蔣,True,Jiang,,
abyss,淵,False,tiefes Wasser,,
solemn,肅,False,feierlich,ehrfürchtig,
howl (v.),嘯,False,heulen,aufheulen,
desolate,蕭,False,desolat,,
rust (n./v.),鏽,True,Rost,rosten,
sesame,芝,True,Sesam,,
devalue,貶,False,abwerten,,
nonspecific,泛,False,nicht spezifisch,,
askew,歪,False,schräg,,
rectify,矯,False,richtigstellen,,
short of stature,矮,False,untersetzt,,
sigh–ay-ay,唉,False,Oh weh…,,
fine dust,埃,False,feiner Staub,,
suffer,挨,False,erleiden,,
cluster (n.),簇,False,Häufung,,
thatch (n.),茅,False,Reet,,
tangerine,橘,False,Mandarine,,
relax,舒,True,sich entspannen,,
noble,弘,False,prächtig,großartig,
barbarian,夷,False,Barbar,,
maternal aunt,姨,False,Tante mütterlicherseits,,
dividing line,疆,False,Grenzgebiet,,
stiff (adj.),僵,False,steif,,
ginger,薑,True,Ingwer,,
porridge,粥,True,Congee,,
bring to a boil,沸,False,zum Kochen bringen,,
caress (v.),拂,False,streicheln,streichen,
shave (v.),剃,False,rasieren,,
snot,涕,True,Rotz,,
ladder,梯,True,Leiter,,
decayed,朽,False,verfault,,
employ (v.),聘,False,engagieren,,
sacrifice (v.),犧,False,aufopfern,,
elder sister,姊,False,große Schwester,,
lie down,躺,False,liegen,,
dodge (v.),躲,False,sich drücken,,
stoop (v.),躬,False,sich biegen,,
hanker,嗜,False,Vorliebe,-phil,
flog,拷,False,foltern,quälen,
summer heat,暑,True,Sommerhitze,,
behold,睹,False,wahrnehmen,,
gamble (v.),賭,False,Glücksspiel,wetten,
extravagant,奢,False,extraavagant,,
stop up,堵,False,verstopfen,blockieren,
boil (v.),煮,False,kochen,sieden,
various,諸,False,verschiedene,,
put in storage,儲,False,Vorrat anlegen,,
slaughter,屠,False,metzeln,,
add your John Hancock,署,False,seinen Friedrich Wilhelm daruntersetzen,,
yam,薯,True,Kartoffel,,
come back,歸,False,zurückkehren,,
sift,篩,False,durchsieben,,
coffin,棺,True,Sarg,,
dad,爹,False,Vati,,
axe,斧,True,Axt,,
bite (v.),咬,True,beißen,,
sly,狡,False,listig,,
prostrate oneself,趴,False,sich auf den Bauch legen,,
trample,踏,True,treten auf,,
tread on,踐,True,mit Füßen treten,,
hoof,蹄,False,Hufe,,
catch (v.),捉,False,fangen,,
step on,踩,True,herumtrampeln auf,,
hop (v.),蹦,False,hüpfen,,
slump (v.),跌,False,absacken,,
urge (v.),促,False,vorantreiben,voranbringen,beschleunigen
kick (v.),踢,False,kicken,,
impetuous,躁,False,aufbrausend,,
chirping (n.),噪,False,zwitschern,,
bath,澡,False,Bad,,
algae,藻,False,Alge,,
exercise (n.),操,False,Übung,,
parched,燥,False,ausgedörrt,,
leap (v.),躍,False,einen Satz machen,,
jab (v.),戳,False,stochern,,
show off (v.),耀,False,zur Schau stellen,,
cunning,猾,False,durchtrieben,,
marrow,髓,False,Knochenmark,,
dirty,髒,False,schmutzig,,
whirlpool,渦,False,Strudel,,
pot,鍋,False,Topf,,
snail,蝸,False,Schnecke,,
misfortune,禍,False,Unglück,,
footpath,陌,False,Feldweg,,
rift (n.),隙,False,Riss,,
steep,陡,False,steil,abschüssig,jäh
barrier,障,False,Barriere,,
accompany,陪,False,begleiten,,
tunnel (n.),隧,True,Tunnel,,
plunge (v.),墜,True,abstürzen,,
undesirable,陋,False,ärmlich,dürftig,
dig (v.),挖,False,graben,,
kiln,窯,False,Brennofen,,
peep (v.),窺,False,spähen,,
den,窟,False,Felsenhöhle,Schlupfwinkel,
strait (adj.),窄,False,eng,,
extract (v.),榨,False,auspressen,,
poverty-stricken,窘,False,in der Patsche,,
poor,窮,False,arm,am Ende seiner Mittel,
hollow (n.),窩,False,Bau,,
body cavity,腔,False,Körperhohlraum,,
tired,累,False,müde,,
spiral shell,螺,True,Schneckenhaus,,
yarn,紗,False,Garn,,
ample,綽,False,reichlich,mehr als genug,
acquaint,紹,False,jmdn. vermitteln,,
long-winded,絮,False,Watte,redselig,
go around,繞,False,aufrollen,um etw. herumgehen,umschlingen
bind (v.),紮,False,binden,zusammenschnüren,
continuous,綿,False,fortlaufend,ununterbrochen,zusammenhängend
paint (v.),繪,False,malen,,
web,絡,False,Geflecht,,
silk fabric,綢,False,Seidenstoff,,
down (n.),絨,False,Daune,,
conclude,締,False,einen Vertrag schließen,,
purple,紫,False,violett,,
numerous,繁,False,zahlreich,,
spin (v.),紡,True,spinnen,,
cocoon,繭,True,Kokon,,
wind around,纏,False,aufspulen,aufwickeln,
delicate,緻,False,fein,sorgfältig,
fasten,繫,False,festbinden,befestigen,
let in,納,False,annehmen,Nano-,
disorderly,紛,False,unordentlich,,
shrink (v.),縮,False,schrumpfen,,
sum up,綜,False,zusammenfassen,,
gentry,紳,True,Gentry,,
reason (n.),緣,False,Grund,,
inception,緒,False,Einleitung,Anfang,Beginn
wring,絞,False,wringen,,
unhurried,緩,False,ohne Hast,gemächlich,
warm (adj.),暖,False,warm,,
provide assistance,援,False,den Rücken stärken,Beistand leisten,Hilfe leisten
large rope,索,False,das Tau,,
vibrant,勃,False,vital,,
head-hinge,脖,False,Hals,,
shell out,繳,False,entrichten,aushändigen,
request the presence of,邀,False,einladen,jmds. Anwesenheit erbitten,
embroidery,繡,False,Stickerei,,
edible root,蘿,False,Rübe,,
gong,鑼,False,Gong,,
make the rounds,邏,False,Streife gehen,,
bamboo basket,籮,True,Bambuskorb,,
barbaric,蠻,False,barbarisch,,
neck (n.),頸,False,Genick,,
plant stem,莖,False,Stängel,,
powerful,勁,False,kräftig,mächtig,
trail (n.),徑,False,Fußweg,,
creek,溪,False,Bach,,
young,幼,False,jung,,
secluded,幽,False,abgelegen,,
wet,濕,False,feucht,,
mysterious,玄,False,unergründlich,unerklärbar,
livestock,畜,False,Nutzvieh,,
save up,蓄,False,ansammeln,,
lead along,牽,False,an der Leine führen,mit sich ziehen,führen
bowstring,弦,True,Bogensehne,,
magnetism,磁,True,Magnetismus,,
nourish,滋,False,nähren,,
kindhearted,慈,False,barmherzig,,
deride,譏,False,auslachen,,
luminous,爍,False,glimmend,,
modest,遜,False,(von einem Kaiser) abdanken,abdanken,bescheiden
unload,卸,False,entladen,,
imperial,御,False,kaiserlich,,
withstand,禦,False,sich zur Wehr setzen,,
nest eggs,卵,False,Nestei,,
hatch (v.),孵,False,brüten,,
breast,乳,False,Brüste,,
float (v.),浮,False,an der Oberfläche schwimmen,,
captive,俘,False,Kriegsgefangener,,
minister,卿,False,Minister,,
trade (n.),貿,False,Handel,,
pomegranate,榴,True,Granatapfel,,
doubt (v.),疑,True,zweifeln,,
obstruct,礙,False,Steine in den Weg legen,,
congeal,凝,False,gerinnen,,
simulate,擬,False,simulieren,nachahmen,imitieren
exquisite,玲,False,das Klingen aneinanderschlagender Jadestücke,exquisit,
small bell,鈴,False,Glöckchen,Klingel,
actor,伶,False,Mime,,
mountain range,嶺,True,Gebirgskette,,
bucket,桶,True,Eimer,,
read aloud,誦,False,laut lesen,,
gush (v.),湧,False,sprudeln,,
eagerly,踴,False,aufspringen,hüpfen,
exam paper,卷,False,Prüfungsbogen,,
circle (n.),圈,False,Kreis,,
roll up,捲,False,einrollen,,
worn out,倦,False,überdrüssig,,
model,範,False,Vorbild,,
resentment,怨,False,Groll,,
winding (adj.),宛,False,gewunden,,
wrist,腕,True,Handgelenk,,
tactful,婉,False,taktvoll,einfühlsam,
bowl,碗,True,Schüssel,,
deceitful,詭,True,hinterhältig,,
kneel,跪,False,knien,,
popular,輿,False,publik,,
reward (n./v.),酬,False,vergüten,,
pour wine,酌,False,einschenken,,
brutal,酷,False,cool,brutal,
mellow wine,醇,False,edler Wein,-anol,
vinegar,醋,True,Essig,,
drunk,醉,True,betrunken,,
unmixed,粹,False,unvermischt,pur,Essenz
emerald green,翠,False,smaragdgrün,türkisgrün,
shattered,碎,False,zerbrochen,zerschmettert,entzwei
sour,酸,False,sauer,,
shuttle (n.),梭,True,Webschiffchen,,
lofty,峻,False,steil aufragend,schroff,
pretty,俊,False,gutaussehend,,
quarrel (n.),釁,False,Zank,,
thick sauce,醬,False,Soße,Paste,
just like,猶,False,gleichsam,,
found (v.),奠,False,etablieren,,
squat (v.),蹲,True,hocken,,
tease (v.),逗,False,hänseln,,
(rhetorical question),豈,False,(rhetorische Frage),,
triumphant,凱,False,siegreich,triumphierend,
perpendicular,豎,False,vertikal,,
commend,嘉,False,loben,,
giggling,嘻,False,Gekicher,,
alliance,盟,False,Bündnis,,
Mencius,孟,False,Menzius,,
fierce,猛,False,ungestüm,,
flourishing,盛,False,in voller Blüte,,
small cup,盞,False,kleiner Becher,Becherchen,
small box,盒,False,Schachtel,,
master thief,盜,False,organisierter Diebstahl,,
swing (v.),盪,False,hin und her pendeln,,
calm (adj.),寧,False,seelenruhig,,
replete,盈,False,prall gefüllt,,
basin,盆,True,Becken,,
trophy,盃,False,Pokal,,
amass,蘊,False,umfassen,,
indiscriminate,濫,False,ausschweifend,,
probe (v.),鑑,False,begutachten,,
abashed,尷,False,peinlich berührt,*Kompositum,
embarrassed,尬,False,verlegen sein,*Kompositum,
toss (v.),拋,False,schleudern,,
indulge in,耽,False,verzögern,für etwas schwärmen,sich etwas gönnen
pillow,枕,True,Kissen,,
view (v.),覽,False,ansehen,,
take on,攬,False,an sich ziehen,,
cable (n.),纜,True,Kabel,,
ruthless,狠,False,rücksichtslos,unbarmherzig,schonungslos
hate (v.),恨,False,hassen,,
upper crust,爵,False,Oberschicht,,
chew (v.),嚼,True,kauen,,
wholeheartedly,懇,False,ernstlich,,
reclaim,墾,False,urbar machen,Neuland gewinnen,
leopard,豹,True,Leopard,,
cat,貓,True,Katze,,
mien,貌,True,Gesichtsausdruck,,
lucent,朗,False,laut und deutlich,,
wolf,狼,True,Wolf,,
starving,飢,False,ausgehungert,,
spare (v.),饒,False,begnadigen,,
ornaments,飾,False,Schmuck,,
beverage,飲,True,Getränk,,
eat away,蝕,False,zerfressen,,
sated,飽,False,gesättigt,,
bread,饅,False,Dampfbrötchen,Brot,
cookie,餅,True,Keks,,
dumpling,餃,True,Maultasche,,
hungry,餓,False,hungrig,,
submerge,潛,False,tauchen,,
silkworm,蠶,True,Seidenraupe,,
irrigate,溉,False,bewässern,,
incensed,慨,False,empört,,
duckweed,萍,True,Wasserlinse,,
scale (n.),秤,True,Waage,,
confuse,淆,False,verwechseln,,
Chinese mugwort,艾,True,Beifuß,,
Good grief!,哎,False,Au weia!,,
pull out,拔,False,herausreißen,ausrupfen,
climb (v.),攀,False,klettern,,
stockpile (v.),屯,False,einlagern,,
pause (n./v.),頓,False,Pause,,
ton,噸,False,metrische Tonne,,
unadulterated,純,False,pur,,
fall due,屆,False,fällig werden,,
teeth,齒,False,Beißer,Zacke,
shows,齣,True,Show,,
length of service,齡,False,Dienstjahr,,
turbulent,洶,False,stürmisch,,
fence,籬,True,Zaun,,
crime,辜,False,Untat,,
butcher (v.),宰,False,schlachten,,
differentiate,辨,False,differenzieren,auseinanderhalten,
braid (n.),辮,True,Zopf,,
arm (n.),臂,False,Arm,,
split (v.),劈,False,spalten,,
analogy,譬,True,Gleichnis,,
out-of-the-way,僻,False,entlegen,,
translate,譯,True,übersetzen,,
select (v.),擇,False,auswählen,,
swamp (n.),澤,True,Sumpf,,
pad (n./v.),墊,True,Polster,,
earnest,摯,True,ernsthaft,,
entangle,糾,False,sich verwickeln,sich verstricken,
bully (v.),凌,True,schikanieren,,
water caltrop,菱,True,Wassernuss,,
mausoleum,陵,True,Mausoleum,,
cough (v.),咳,True,husten,,
brake (v.),剎,False,bremsen,,
cry out,嚷,False,grölen,,
brew (v.),釀,False,brauen,fermentieren,gären
stronghold,塞,True,Bollwerk,,
stockade,寨,True,befestigte Siedlung,,
constitution,憲,True,Verfassungstext,,
sunny,晴,False,wolkenlos-heiter,sonnig,
guess,猜,True,raten,,
pacify,靖,False,befrieden,,
debt,債,True,Schulden,,
remains,蹟,False,Relikt,,
domestic animal,牲,True,Haustier,,
impressive,隆,False,erhaben,furios,reichlich
fishy smell,腥,True,Fischgeruch,,
orangutan,猩,True,Orang-Utan,,
awaken,醒,False,erwachen,,
visionless,瞎,False,blind,blindlings,
administer,轄,False,zuständig sein für,,
contract (n.),契,False,Vertrag,,
adore,拜,False,anhimmeln,,
spotless,潔,False,blitzeblank,makellos,
bee,蜂,False,Biene,,
peak (n.),峰,False,Gipfel,,
cutting edge,鋒,False,Schneide,,
chance upon,逢,False,jemanden treffen,,
disheveled,蓬,False,zerzaust,,
sew,縫,True,nähen,,
play an instrument,奏,False,ein Instrument spielen,ein Musikstück vortragen,
gather together,湊,False,zusammentragen,,
Qin,秦,True,Qin,,
foolish,蠢,False,einfältig,,
carry in both hands,捧,False,mit beiden Händen tragen,,
sigh (v.),嘆,True,seufzen,,
arduous,艱,False,beschwerlich,,
beach (n.),灘,True,Strand,,
complete (v.),畢,False,vollenden,beenden,
saliva,唾,True,Speichel,,
recite,吟,False,rezitieren,aufsagen,
greedy,貪,True,gierig,,
stringed instrument,琴,False,Saiteninstrument,Zither,
chestnut,栗,True,Kastanie,,
deep pool,潭,False,tiefer Teich,Tümpel,
resituate,遷,False,verlegen,umsiedeln,
overturn,覆,False,etw. umkippen,etw. umstürzen,
flutter (v.),飄,True,im Wind wehen,flattern,
boss (n.),闆,True,Chef,,
broad,闊,False,breit,,
close (v.),閉,False,zumachen,,
moisten,潤,False,befeuchten,,
cabinet,閣,True,Regierungskabinett,,
put aside,擱,False,beiseite schieben,,
explicate,闡,False,ausführlich erklären,erläutern,
peruse,閲,False,durchlesen,,
stuffy,悶,True,stickig,,
flash (v.),閃,True,Blitz,,
valve,閥,True,Ventil,,
floodgate,閘,True,Schleuse,,
repudiate,闢,False,zurückweisen,freilegen,urbar machen
ash-colored,蒼,False,aschgrau,,
rob,搶,False,rauben,,
humble (adj.),菲,False,gering,,
lifetime,輩,True,Lebenszeit,,
sad,悲,False,traurig,,
irresolute,徘,False,zaudern,,
annihilate,殲,False,ausrotten,vernichten,
bamboo slip,籤,True,Orakellos,,
fiber,纖,True,Faser,,
gullet,喉,False,Schlund,,
monkey,猴,True,Affe,,
Korea,韓,True,Korea,,
disobey,違,False,zuwiderhandeln,,
latitude,緯,True,Breitengrad,,
pole,竿,True,Bambusstange,,
rarely,罕,False,rar,,
veranda,軒,True,Veranda,,
liver,肝,True,Leber,,
publication,刊,False,Veröffentlichung,,
sweat (n.),汗,True,Schweiß,,
shaft,桿,True,Schaft,,
bold,悍,False,kühn,,
slowly,徐,False,geruhsam,gemächlich,
recount (v.),敘,False,schildern,berichten,
smear (v.),塗,False,beschmieren,bestreichen,
slanting,斜,True,schief,,
flared horn,喇,True,Hupe,,
hack (v.),嗽,False,krampfhaft husten,ähä-ähä-ähä,
rely on,賴,False,angewiesen sein auf,,
lazy,懶,True,faul,,
tender (adj.),嫩,True,grün hinter den Ohren,,
refine,煉,True,veredeln,,
chain (n.),鍊,True,Kette,,
swollen,腫,True,Schwellung,,
director,董,True,Direktor,,
draw together,鍾,True,Gefühle auf etw. konzentrieren,,
phlegm,痰,True,Auswurf,,
disease,症,False,Krankheit,,
hurt (v.),疼,False,wehtun,,
get well,癒,False,genesen,,
epidemic,疫,False,Epidemie,,
cancer,癌,True,Krebs,,
fatigued,疲,False,ausgelaugt,,
rapid,疾,False,rapide,,
idiotic,痴,False,idiotisch,,
tumor,瘤,True,Geschwulst,,
trace (n.),痕,False,Spur,,
itch (v.),癢,True,jucken,,
paralysis,癱,True,Lähmung,,
sore (n.),瘡,True,Geschwür,,
stable (adj.),穩,False,stabil,,
hidden,隱,False,versteckt,,
addiction,癮,False,Sucht,,
gigantic,巨,False,gigantisch,,
canal,渠,True,Kanal,,
refuse (v.),拒,True,ablehnen,,
square (n.),矩,True,Tischlerwinkel,,
distance,距,False,Distanz,Abstand,
rectangular frame,框,False,rechteckiger Rahmen,,
rectangular basket,筐,False,rechteckiger Korb,,
smash (v.),砸,False,zerschlagen,stampfen,
converge,匯,False,zusammenfließen,überweisen,
artisan,匠,True,Handwerker,,
bandit,匪,False,Bandit,,
keep out of sight,匿,False,verbergen,sich verbergen,
pocket,兜,False,Tasche,,
vomit (v.),嘔,True,sich übergeben,,
hit (v.),毆,False,tätlich werden,,
human body,軀,False,menschlicher Körper,,
hold one‘s head high,昂,False,den Kopf heben,das Kinn recken,
curb (v.),抑,False,zügeln,zäumen,
large-flowered plants,葵,True,großblütige Pflanze,,
coworker,僚,False,Kollege,,
far away,遼,False,weit und breit,,
comprehend,瞭,False,verstehen,,
cure (v.),療,False,heilen,,
glare (v.),瞪,False,die Augen aufreißen,anglotzen,
bench,凳,True,Sitzbank,,
transparent,澄,False,transparent,,
splash (v.),潑,False,schütten,mit Schwung gießen,
allocate,撥,False,zuteilen,,
fir tree,杉,True,Nadelbaum,,
well-mannered,彬,False,galant,,
shirt,衫,True,Hemd,,
manifest (adj.),彰,False,offenkundig,,
puffy,膨,False,voluminös,geschwollen,aufgebläht
take advantage of,趁,False,(eine Gelegenheit) ausnutzen,beim Schopf packen,
diagnose,診,True,diagnostizieren,,
seep,滲,True,versickern,,
gum,膠,True,Gummi,,
wrong (adj.),謬,True,falsch,,
deserted,寥,False,leerstehend,,
speck,斑,False,Fleck,,
design (n.),紋,False,dekoratives Muster,Verzierung,Maserung
small shovel,鏟,True,Schippe,,
Samoa,薩,True,Samoa,,
backbone,脊,True,Wirbelsäule,,
letter,函,True,Brief,,
culvert,涵,False,Durchlass,,
reflect,映,True,reflektieren,,
calamity,殃,False,Unheil,,
plump,肥,False,fett,,
crawl (v.),爬,True,kriechen,,
scar (n.),疤,True,Narbe,,
gorgeous,艷,False,prächtig,farbenprächtig,farbenfroh
sugary,甜,False,zuckrig,,
pliers,鉗,True,Zange,,
matchmaker,媒,False,Ehevermittler,,
coal,煤,True,Kohle,,
scheme (v.),謀,False,aushecken,Strategem,
chess,棋,True,Schach,,
dupe (v.),欺,False,hinters Licht führen,,
flag (n.),旗,False,Flagge,,
hoarse,嘶,True,heiser,,
rip (v.),撕,False,zerreißen,,
tolerate,堪,False,ertragen,,
survey (v.),勘,False,sichten,korrekturlesen,
dispatch (v.),遣,False,entsenden,,
censure (v.),譴,False,formell verurteilen,,
sack (n.),囊,True,Sack,,
burst (v.),潰,False,durchbrechen,langsam zerfallen,
cupboard,櫃,True,Truhe,Kommode,
fitting (adj.),宜,False,passend,geeignet,geziemend
friendship,誼,False,Freundschaft,,
rent (n./v.),租,False,mieten,,
coarse,粗,False,grobkörnig,,
block (v.),阻,False,blockieren,versperren,
heap (v.),疊,False,aufeinanderschichten,,
baseball base,壘,False,Baseball-Mal,,
hoe (n./v.),鋤,True,Gartenhacke,,
thicket,叢,False,Dickicht,Gestrüpp,
plain (adj.),樸,False,schlicht,,
pounce on,撲,False,sich auf jmdn. werfen,,
servant,僕,True,Diener,,
musical score,譜,False,Noten (Musik),,
fool (v.),哄,False,übertölpeln,,
deluge,洪,True,Hochwasser,,
warm by a fire,烘,False,etw. am Feuer wärmen,,
respectful,恭,False,respektvoll,,
arch (n./v.),拱,False,sich wölben,,
violent,暴,False,rabiat,jähzornig,
waterfall,瀑,True,Wasserfall,,
explode,爆,False,explodieren,,
ceremonial hall,殿,False,Tempelhalle,Palasthalle,Zeremonienhalle
have on,戴,True,aufhaben,,
wings,翼,True,Flügel,,
dung,糞,True,Jauche,,
compose,撰,True,verfassen,,
mute (adj.),啞,True,stumm,,
kettle,壺,True,Kanne,,
crab (n.),蟹,True,Krabbe,,
lax,懈,False,schlaff,,
purchase (v.),購,True,anschaffen,,
ditch (n.),溝,True,Graben,,
key,鑰,True,Schlüssel,,
plead,籲,False,appellieren,,
Vol.,冊,False,Buchband,Bd.,Heft
delete,刪,True,wegstreichen,,
palisade,柵,True,Palisade,,
coral,珊,True,Koralle,,
everywhere,遍,False,mal,Mal,überall
partial,偏,False,parteiisch,Neigung,
sink (v.),淪,True,untergehen,,
human relationships,倫,False,Ordnung der zwischenmenschlichen Beziehungen,,
resist,抵,False,widerstehen,,
hoodlum,氓,False,Gauner,,
breastfeed,哺,False,füttern mit dem Mund,füttern,
shop (n.),鋪,False,Laden,,
supplement (v.),輔,False,coachen,beistehen,
capture,捕,False,fassen,,
apply,敷,False,etw. auftragen,mit etw. einreiben,
river mouth,浦,False,Flussmündung,,
cattail,蒲,True,Rohrkolben,,
slight (adj.),薄,False,mager,,
register (n.),簿,False,Verzeichnis,Rechnungsbuch,Registerband
mentor,傅,False,Meister,Mentor,
bind fast,縛,False,fesseln,,
outer walls,郭,False,äußere Stadtmauer,,
limitless,廓,False,Kontur,unbeschränkt,
despicable,鄙,False,verachten,geringschätzen,gemein
Jerusalem,耶,True,Jerusalem,,
grandfather,爺,True,Großvater,,
outskirts,郊,False,Vorort,,
nation,邦,True,Nation,,
truss (v.),綁,False,zusammenbinden,fesseln,
post (v.),郵,False,in die Post tun,,
Deng,鄧,True,Deng,,
hurl,擲,False,schmeißen,,
hallway,廊,True,Korridor,,
hug (v.),擁,False,umarmen,,
satin,緞,True,Satin,,
wily,刁,False,verschlagen,,
hold in the mouth,叼,True,etw. mit dem Mund halten,,
ardent,殷,False,tiefe Gefühle,innig,leidenschaftlich
longevity,壽,True,langes Leben,,
large waves,濤,True,Brandung,,
cast (v.),鑄,True,Metall gießen,,
pray,禱,True,beten,,
make arrangements,籌,False,Vorkehrungen treffen,,
attend to,伺,False,aufwarten,bedienen,
rear (v.),飼,False,Tiere füttern,,
liner,舶,True,Ozeandampfer,,
navigate,航,True,navigieren,,
light boat,艇,False,leichtes Boot,,
warship,艦,True,Kriegsschiff,,
ship‘s cabin,艙,True,Kabine,,
along (prep.),沿,True,entlang,,
lead (n.),鉛,True,Blei,,
fox,狐,True,Fuchs,,
petal,瓣,True,Blütenblatt,,
brim over,溢,False,überlaufen,,
spare time,暇,False,freie Zeit,,
red sky,霞,True,Morgen- oder Abendrot,rosafarbene Wolken,
oxygen,氧,True,Sauerstoff,,
atmosphere,氛,True,Atmosphäre,,
chlorine,氯,True,Chlor,,
hydrogen,氫,False,Wasserstoff,,
strengthen,鞏,False,festigen,konsolidieren,
tyrant,霸,False,Tyrann,,
dam (n.),壩,False,Damm,,
tighten,勒,False,festziehen,einschnüren,zuschnüren
bow respectfully,鞠,False,sich verneigen,,
boots,靴,True,Stiefel,,
whip (n./v.),鞭,True,Peitsche,,
sprout (n.),芽,False,Spross,,
surprised,訝,False,verblüfft,,
prop up,撐,False,abstützen,stützen,
polished,雅,False,vornehm,ordentlich,normgerecht
wicked,邪,False,pervers,anormal,übel
of great depth,奧,False,komplex,von tiefer Bedeutung,tiefgründig
deep inlet,澳,True,tiefe Bucht,,
remorseful,懊,False,zerknirscht,,
be informed,悉,True,informiert sein über,,
pilfer,竊,False,stehlen,,
painstaking,審,False,eingehend,sorgfältig,
auntie,嬸,False,Tantchen,,
blanket (n.),毯,True,Teppich,Decke,
milli-,毫,True,Milli-,,
consume,耗,False,verbrauchen,,
till (v.),耕,False,beackern,,
records,籍,False,Aufzeichnungen,,
excuse (n.),藉,False,vorschützen,Ausrede,
hold up,托,False,auf der Handfläche halten,,
be afraid of,畏,True,vor jmdn. Ehrfurcht haben,,
Hello…,喂,True,Hallo…,,
bloated,脹,False,aufgebläht,,
tent,帳,True,Zelt,,
IV,肆,True,IV,,
beard,鬍,True,Bart,,
loose,鬆,False,locker,,
roc,鵬,True,Roch,,
twitter (v.),鳴,True,zwitschern,,
swan,鴻,True,Schwan,,
pigeon,鴿,True,Taube,,
crane,鶴,True,Kranich,,
oriole,鶯,True,Singvogel,Nachtigall,
magpie,鵲,True,Elster,,
gull,鷗,True,Möwe,,
raven,鴉,True,Rabe,,
goose,鵝,True,Gans,,
crow,烏,True,Krähe,,
zoom-zoom,嗚,True,Tut tut,,
pound with a pestle,搗,True,in einem Mörser zerstoßen,,
residence,寓,False,Unterkunft,vorübergehender Aufenthalt,einquartiert sein
pea-brained,愚,False,blöde,,
by chance,偶,False,zufällig,,
stern,厲,False,sehr streng,,
encourage,勵,False,ermutigen,anspornen,
steel,鋼,True,Stahl,,
hillock,崗,False,Anhöhe,,
guidelines,綱,False,Leitlinie,Hauptleine,
go against,逆,False,widerstreben,zuwiderlaufen,gegen etwas gerichtet sein
go upstream,溯,True,stromaufwärts fahren,,
plastic (n.),塑,True,Plastik,,
vat,缸,False,Bottich,,
jar,罐,True,Krug,,
depressed,鬱,False,deprimiert,betrübt,
salt (n.),鹽,True,Salz,,
salty,鹹,True,salzig,,
draw out,掏,False,herausholen,,
wash in a container,淘,False,in einem Behälter waschen,,
pottery,陶,True,Keramik,,
rumor,謠,True,Gerücht,,
injustice,冤,False,Ungerechtigkeit,,
gluttonous,饞,True,gefräßig,,
tow (v.),挽,False,ziehen,aufrollen,
strive,勉,False,sich bemühen,sich anstrengen,
rubber tree,橡,True,Eichenbaum,,
pleased,豫,False,zufrieden,erfreut,
take flight,騰,False,emporsteigen,,
numeral,碼,True,Nummernbezeichnung,Numerale,
tame (adj./v.),馴,True,zähmen,,
Mary,瑪,True,Marie,,
be stationed,駐,True,stationiert sein,,
arrogant,驕,False,arrogant,,
gallop (v.),馳,True,galoppieren,,
leech-hopper,螞,True,Gras-Egel,,
proof,憑,False,Beleg,,
maneuver (v.),駛,False,steuern,,
disturb,騷,False,stören,,
drive (v.),駕,False,lenken,,
mule,騾,True,Maultier,,
refute,駁,False,widerlegen,,
rush (v.),闖,False,stürmen,,
drive away,驅,False,vertreiben,verjagen,antreiben
cheat (v.),騙,True,betrügen,,
trot (v.),驟,True,traben,,
hand over,遞,False,weitergeben,weiterreichen,
take captive,虜,False,gefangennehmen,,
despotic,虐,False,despotisch,,
skin (n.),膚,False,Haut,,
Louvre,盧,True,Louvre,,
stove,爐,True,Kochstelle,,
reeds,蘆,True,Schilf,,
donkey,驢,True,Esel,,
loss,虧,False,Einbuße,,
filthy,污,False,schmutzig,dreckig,
stunned,愕,False,erstaunt,,
brag,誇,False,angeben,übertreiben,prahlen
collapse (v.),垮,False,zusammenbrechen,einstürzen,
straddle (v.),跨,True,die Beine spreizen,,
donate,獻,False,widmen,beitragen,
melt,融,False,verschmelzen,integrieren,
separate (v.),隔,False,trennen,,
filter (v.),濾,True,filtern,,
celebrate,慶,False,feiern,,
recommend,薦,False,empfehlen,,
outstanding,傑,False,außergewöhnlicher Mensch,überragend,außergewöhnlich
instant,瞬,True,Augenblick,,
Chinese unicorn,麟,True,Chinesisches Einhorn,,
pity (v.),憐,True,bemitleiden,,
neighbor,鄰,True,Nachbar,,
bask,曬,True,sich sonnen,,
spill (v.),灑,False,verschütten,,
cease,罷,True,aufhören,,
put in order,擺,False,aufstellen,hinlegen,anordnen
lips,唇,True,Lippe,,
disgrace (n./v.),辱,True,Schande,,
quake (v.),震,False,beben,,
vibrate,振,False,vibrieren,,
vigor,魄,True,Körperseele,Yin-Seele,physische Lebenskraft
scholar tree,槐,True,Schnurbaum,Sophorabaum,Schwarzholzbaum
enchant,魅,False,bezaubernd,charismatisch,
marvelous,瑰,False,wunderbar,wunderschön,
soul,魂,True,Seele,Yang-Seele,
ashamed,愧,False,beschämt,,
leader,魁,True,Anführer,,
ugly,醜,True,hässlich,,
raised path between fields,壟,True,Feldrain,,
dote on,寵,True,verwöhnen,,
huge,龐,False,kolossal,,
draw near,攏,False,sich nähern,,
deaf,聾,True,taub,,
cage (n.),籠,True,Käfig,,
insert (v.),插,False,hineinstecken,,
ruin (v.),毀,False,ruinieren,,
mother‘s brother,舅,True,Bruder der Mutter,,
stake (n.),樁,False,Pflock,,
bore a hole,鑿,False,meißeln,ein Loch bohren,
mouse,鼠,True,Maus,,
scurry,竄,False,davonlaufen,,
dried meat,臘,True,Pökelfleisch,,
wax (n.),蠟,True,Wachs,,
hunt (v.),獵,True,jagen,,
vessels,艘,True,Wasserfahrzeug,,
elder brother‘s wife,嫂,True,Frau des älteren Bruders,,
emaciated,瘦,False,abgemagert,,
search (v.),搜,False,durchsuchen,,
unhulled rice,稻,False,ungeschälter Reis,,
tread (v.),蹈,True,betreten,,
surging,滔,False,durchfluten,Wellen schlagend,
get stuck,陷,True,steckenbleiben,,
flame (n.),焰,True,Flamme,,
filling,餡,True,Füllung,,
vehicles,輛,True,Fahrzeug,,
dissemble,瞞,False,verheimlichen,verschweigen,für sich behalten
frank (adj.),爽,False,offenherzig,frank und frei,Geil!
embellish,綴,False,verzieren,,
bump (v.),碰,False,zusammenprallen,stoßen auf,
transfer (v.),挪,False,verrücken,rücken,verlegen
charge falsely,誣,False,fälschlich beschuldigen,,
reputation,譽,True,Ruf,,
islet,嶼,True,kleine Insel,,
thick-headed,傻,False,töricht,,
brick,磚,True,Mauerziegel,Backstein,
favor (n.),惠,False,Gefälligkeit,,
ear of grain,穗,True,Ähre,,
expansive,曠,False,großräumig,ausgedehnt,
mine (n.),礦,True,Bergwerk,,
enlarge,擴,False,vergrößern,,
smart,聰,False,klug,hellhörig,
onion,蔥,True,Zwiebel,,
gall bladder,膽,True,Gallenblase,,
look upward,瞻,False,nach oben schauen,,
cuddle,摟,False,kuscheln,,
time and again,屢,False,immer wieder,,
turbid,濁,False,trübe,unrein,
candle,燭,True,Kerze,,
touch (v.),觸,False,berühren,,
admonish,囑,False,ermahnen,,
railing,欄,False,Geländer,,
impede,攔,False,aufhalten,blockieren,stoppen
tracks,蹤,False,Fußspur,,
shrug (v.),聳,False,mit den Achseln zucken,,
pharmaceutical (n.),劑,False,Pharmazeutikum,,
abstain from food,齋,False,fasten,,
squeeze (v.),擠,False,pressen,,
push button (n.),鈕,False,Schalter,,
shy,羞,False,schüchtern,,
New York,纽,True,New York,,
spleen,脾,True,Milz,,
beer,啤,True,Bier,,
stele,碑,False,Stele,,
illustrious,赫,False,prominent,,
terrify,嚇,False,erschrecken,,
radiating vitality,奕,False,großartig,Kraft und Energie ausstrahlen,
indication,跡,False,Fußabdruck,,
phraseology,辭,False,Ausdrucksweise,,
tortoise,龜,True,Schildkröte,,
rope (n.),繩,False,Seil,,
flies,蝇,True,Fliege,,
butterfly (front end),蝴,True,Schmetterling (Vorderteil),,
butterfly (back end),蝶,True,Schmetterling (Hinterteil),,
spider (front end),蜘,True,Spinne (Vorderteil),,
spider (back end),蛛,True,Spinne (Hinterteil),,
camel (front end),駱,True,Kamel (Vorderteil),,
camel (back end),駝,True,Kamel (Hinterteil),,
dragonfly (front end),蜻,True,Libelle (Vorderteil),,
dragonfly (back end),蜓,True,Libelle (Hinterteil),,
male phoenix,鳳,True,Phönix (männlich),,
female phoenix,凰,True,Phönix (weiblich),,
olive (A),橄,True,Olive (A),,
olive (B),欖,True,Olive (B),,
glass (front side),玻,True,Glas (Vorderseite),,
glass (back side),璃,True,Glas (Rückseite),,
coffee (first drop),咖,True,Kaffee (erster Tropfen),,
coffee (last drop),啡,True,Kaffee (letzter Tropfen),,
grapes (A),葡,True,Weintraube (A),,
grapes (B),萄,True,Weintraube (B),,
in-,吩,False,in-,,
-struct,咐,False,-struieren,,
ping,乒,False,Ping,,
pong,乓,False,Pong,,
Cui,崔,True,Cui,,
Cao,曹,True,Cao,,
Liu,劉,True,Liu,,
Pan,潘,True,Pan,,
Liang,梁,True,Liang,,
Shen,沈,True,Shen,,
Zheng,鄭,True,Zheng,,
Tam,譚,True,Tam,,
Zhao,趙,True,Zhao,,
Yao-2,姚,True,Yao-2,,
Lu,魯,True,Lu,,
Jiang-2,姜,True,Jiang-2,,
Fan,范,True,Fan,,
Xue,薛,True,Xue,,
Tu,涂,True,Tu,,
Peng,彭,True,Peng,,
Yu-2,郁,True,Yu-2,,
Feng,馮,True,Feng,,
Wei,魏,True,Wei,,
Yue,岳,True,Yue,,
as though,彿,False,es scheint etw. zu sein,ähnlich,
jasmine,莉,True,Jasmin,,
Hunan Province,湘,True,Provinz Hunan,,
outlying areas,甸,False,Außenbezirke,Umland,
dark blue,滄,True,dunkelblau,,
reverent,穆,False,ehrerbietig,,
na,娜,False,na,Anna,
fine jade,瓊,False,feine Jade,,
gem,琳,False,Kleinod,,
30 catties,鈞,False,30 Pfund,,
Oh!,喲,False,Oha!,,
cannon,砲,False,Kanone,,
search for,蒐,False,Frühlingsjagd,sammeln,
hibiscus,芙,True,Hibiskus,,
cottonrose hibiscus,蓉,True,Mandel-Hibiskus,,
biáng,𰻞,True,Biang,,
jué,訣,False,Kniff,Trick,Kunstgriff
tài,鈦,True,Titan,,
zhì,痔,True,Hämorrhoiden,,
xūn,熏,True,Speichern räuchern,,
shǎng,晌,False,Tageszeit,Abschnitt des Tages,
tǎng,淌,False,rinnen,triefen,
gǒu,苟,False,fahrlässig,,
suǒ,瑣,False,trivial,,
gē,胳,False,obere Extremität,,
kàng,炕,False,Kang,beheiztes Ziegelbett,
dūn,墩,False,Erdhaufen,,
ǎo,襖,False,gefütterte Jacke,gefütterte Joppe,
àn,黯,False,düster,,
yū,淤,False,Schlick,Schlamm,
cí,雌,False,feminin,,
lèng,愣,False,verdutzt,,
shāo,捎,False,mitbringen,etw. beiläufig mitnehmen,
nǐng,擰,False,körperlich kräftiges Drehen,wringen,
cuō,搓,False,mit den Händen reiben,rubbeln,
gěng,梗,False,dünner Zweig,Knackpunkt,Hindernis
yí,怡,False,heiter,,
qiào,峭,False,abschüssig,,
wēng,嗡,False,summen,Schwirren,
róng,熔,False,schmelzen,,
wàn,蔓,False,Ranke,,
liáng,粱,False,feine Hirse,,
biē,憋,False,unterdrücken,,
tì,屜,False,Schublade,,
lǐn,凜,False,frostig,,
Zhè,浙,False,Provinz Zhejiang,,
kuà,挎,False,am Arm tragen,,
lǎo,姥,False,Großmutter mütterlicherseits,,
Shǎn,陕,False,Provinz Shaanxi,,
léng,稜,False,Kante,,
bēng,繃,False,straffen,strammziehen,
lǚ,縷,False,Strähne,,
juàn,絹,False,feste Seide,,
è,扼,False,würgen,,
chú,櫥,False,Schrank,,
kuī,盔,False,Helm,,
kē,磕,False,anstoßen,,
xiāng,镶,False,einlegen,einsetzen,einfassen
chóu,疇,False,die Flur,,
péng,篷,False,Plane,,
huō,豁,False,Lücke,,
jiàn,澗,False,Klamm,,
qiàn,嵌,False,etw. mit Intarsien versehen,einlegen,
bó,膊,False,obere Extremität,,
duò,舵,False,Steuerruder,,
gài,鈣,False,Kalzium,,
ài,隘,False,Pass,Engpass,
ān,氨,False,Ammoniak,,
hǔ,唬,False,bluffen,,
lóng,朧,False,Erscheinung des Mondes,diesig,
mó,蘑,False,Pilz (Kappe),,
gū,菇,False,Pilz (Stiel),,
jì,蹟,False,Wunder,,
mà,螞,True,Grashüpfer (Vorderteil),,
zhà,蚱,True,Grashüpfer (Hinterteil),,
qí,麒,True,chinesisches Einhorn (Vorderteil),,
lín,麟,True,chinesisches Einhorn (Hinterteil),,
